標題,人氣,讚數,轉換率(讚數/人氣),作者,作者個人分類(每個人不同),照片數,內文,內文字數,Tag,
通化夜市(臨江夜市) ▎捏碎麵蛋蔥抓餅 ＠ 阿基の蔥抓餅,4590,996,0.216993464052,meiko1101,╚ 台北。小吃。宵夜。零食,11,話說前一陣子同事跟我說通化街有一間超特別、超好吃的蔥抓餅而且最特別的地方就是它有王子麵口味的蔥抓餅


好奇心驅使之下，加上我本來就愛逛夜市，所以隔沒二天就請同事帶我過來
 

這間蔥抓餅的位置在出名的御貓園這頭進來後沒幾攤，而且位於中間的攤位
 

這裡蔥抓餅的口味超多，除了一般想得到的口味，像是原味、煉乳、花生和九層塔之外我們則是特地為了它們的「捏碎麵蛋蔥抓餅」過來的
 

蔥抓餅最特別的地方就是它的層次分明又Q彈的口感下油鍋加熱之後就要用鏟子把它給抓鬆
 

 

打上蛋液之後沒多久就可以放上王子麵
 

再放上在一旁已經夾鬆的蔥抓餅
 

更特別的是醬料有醬油膏或是義式肉醬等多種選擇因為第一次吃所以我們全部選擇醬油膏
 

愛吃起士的我多加了一片起片+10元


捏脆麵蛋蔥抓餅NT.40 + NT.10起士
本身蔥抓餅的部份口感不錯，Q彈有咬勁，加上酥脆的王子麵吃起來口感豐富唯一可惜的是吃起來的味道偏淡了點，下次試試看義式肉醬或是加辣味道應該也會更加的美味




阿基の蔥抓餅 ▎Facebook



,1280,通化街/通化夜市/臨江夜市/蔥抓餅/蛋餅/王子麵/科學麵/,
宜蘭美食推薦 ▎饗宴鐵板燒。總會有出乎意料的感動 ＠ 羅東,6208,1081,0.174130154639,meiko1101,╠ 宜蘭 美食推薦,37,前一陣子好友突然打電話來約碰面，因為大家平常都很忙，時間不是很好橋擇日不如撞日就直接約當天，好巧不巧的打去饗宴也剛好剩下幾位，白天才約好，晚上立刻直奔宜蘭啦


現在在饗宴用餐也有置物籃可以放包包了
 

真的好一陣子沒來啦，不變的生意依然是這麼好，現在低消也從1600+10%起跳不過相信我，絕對會比在台北吃的還要划算


在饗宴吃東西有一點是我最欣賞的，就是第一道菜就是水果，並不是上錯了哦而是為了幫助消化，加上每次吃完主餐之後，往往水果都吃不下了，所以我平常也習慣在飯前吃水果這天的時令水果有芒果、和我最愛的哈蜜瓜，每個都超甜超好吃der
 

因為跟好友碰面所以喝了點酒 &lt;&lt;未成年請勿飲酒&gt;&gt;
 

這天的生魚片是白鯧、紅魽、甜蝦，白色的魚肉對不吃生魚片的我來說比較不那麼恐怖因為白色魚肉的肉質會比較結實有彈性&lt;&lt;不吃生食的人記得要事先告知哦!!&gt;&gt;


肉質非常的結實有咬勁的角蝦
 

這盤生菜沙拉有蝦子、大牡蠣和干貝，非常的豪華大牡蠣吃起來非常的新鮮味美，干貝吃起來帶有甜味、口感也不錯
 

紅黑喉是我愛大方最愛吃的魚類，也是到饗宴必吃的一道
 

接下來程主廚搬上來新的創意
 

以鹽磚包覆的粽葉
 

可是端午節還沒到，而且粽子一吃就飽啦
 

沒想到打開後是一整顆完整的鮑魚啦~~~鮑魚的口感富有咬勁，而且充滿著粽葉香氣，又香又好吃，既有創意又很美味
 

這天的湯品也是屬於新菜色之一
 

由老母雞熬製而成的高湯
 

 

裡頭還有中菜的麵線、西式的鴨肝、日本料理的干貝，多國料理組合而成的精華湯品果然不是蓋的 每一口老母雞湯喝起來盡是濃郁卻又清爽的美味，搭配起鴨肝吃起來完全不會感覺到膩口下方還有彈牙的干貝、細緻的麵線，不論是口感還是味道都是十分的豐富


 

印象中這好像是鮪魚(｡&gt;﹏&lt;)，一旁搭配著的則是紅酒醋
 

接下來就是愛吃肉的我們最期待的牛肉啊，只見程主廚似乎又有新的創意吃法
 

在牛肉上先放上一片紫蘇葉之後再放在海膽
 

捲起來後一口吃下，海膽在嘴裡爆漿，爆發出海洋的鮮味、牛肉的鮮甜，以為紫蘇的香氣多種不同的味道結合在一起卻是非常的match (*&acute;&forall;`)~&hearts;
 

吃完了包覆海膽的牛肉之後，第二次則改包著芝麻葉
 

芝麻葉有著非常鮮明的味道，吃起來超的清爽、無敵美味ヽ(&forall;ﾟ )人(ﾟ&forall;ﾟ)人( ﾟ&forall;)人(&forall;ﾟ )人(ﾟ&forall;ﾟ)人( ﾟ&forall;)ﾉ
 

吃完牛肉之後送上一杯洛神花茶來清爽一下我們的味蕾
 

接下來的這道則是前一陣子台灣才開放進口的西班牙伊比利豬這號稱勞斯萊斯等級的伊比利豬肉的單價可是不輸給牛肉吃起來的口感不似印象中豬肉的咬勁，反而非常接近牛肉那入口即化的口感
 

本來以為我們的牛肉已經吃到一個段落了，沒想到主廚又端出了他的新玩意
 

因為不曉得它的正確明稱，我就暫時稱呼它為超高溫槍頭這個超高溫槍頭似乎台灣並沒以販售，而是主廚的友人從國外帶回來送他的以超高的溫度炙燒，把肉汁完完全全的鎖在裡頭


這切成骰子大小的和牛，最外層因為高溫的烤烤所以吃起來酥酥的咬下後裡頭的口感卻還是非常的軟嫩可口，好美味~~~~~(ﾉ&gt;&omega;&lt;)ﾉ
 

剩下來比較有油脂的牛肉則是煎成乾乾焦焦的，香脆又帶有咬勁
 

非常爽口的筍子搭配上飛魚卵


號稱饗宴最招牌、最自豪的一道，這天這好像是戰車？！上頭黃澄澄的則是海膽和魚卵製成的焗烤
 

吃到最後，師傅總是會幫我們來份炒飯，雖然我們的肚皮已經飽到一個不行但是沒吃到炒飯就覺得沒有完美的ending，(〃&forall;〃)
 

而且這天使用的是新鮮的櫻花蝦，而不是乾燥的哦
 

美味而且粒粒分明的炒飯
 

這天的甜點為醬油巧克力、起士蛋糕、檸檬塔，現在連甜點都非常的有創意囉而且那巧克力細細品嚐還真有醬油的香味，既特別又美味
 

新鮮現打的西瓜汁
 


我們有多愛饗宴呢，看我們去吃了幾次就知道啦


延伸閱讀：

宜蘭美食推薦 ▎紅心芭樂奶凍捲 ＠ 饗宴鐵板燒

【宜蘭】饗宴鐵板燒 XO醬手工月餅、鳳梨酥

【宜蘭 羅東】N訪好幾次的美味．饗宴互動式鐵板燒

【宜蘭 羅東】饗宴鐵板燒

【宜蘭 羅東】N訪 饗宴 鐵板燒

【宜蘭 羅東】饗宴 西餐鐵板燒





饗宴鐵板燒
TEL：039-657-998ADD：宜蘭縣羅東鎮河濱路326號




,5036,宜蘭/羅東/饗宴/鐵板燒/,
信義區美食推廌 ▎蘇杭餐廳。 湯包、點心全面半價,2563,358,0.139680062427,meiko1101,╠ 台北。中式料理,20,著名的中菜餐廳「蘇杭」在信義區開新分店，目前湯包和點心類全面半價頓時成為了我們辦公室聚餐的好選擇，前一陣子同事離職聚餐，當然選擇這實惠又美味的蘇杭
 

蘇杭餐廳就開在威秀電影院隔壁NEO 19的3樓
 

不過這天平日中午生意似乎不太好XD
 

上海砂鍋菜飯NT.160
我本身比較喜歡粒粒分明的白飯，所以通常比較濕潤的菜飯我比較不愛不過蘇杭的菜飯口感不會過軟，加上菜飯入味，我還挺喜歡的


花雕醉雞NT.240
花雕香氣十足、口感也鮮嫩的花雕醉雞


這道蔥烤鯽魚是我向來不敢吃的一道著名美食
 

清炒豆苗
豆苗很容易太苦或是口感不好，這天的清炒豆苗吃起來不苦澀，獲得大家的稱讚哦


雪菜肉絲年糕NT.160
我向來就愛吃炒年糕，這年糕的味道和口感都不錯


清燉牛腱NT.380
清燉的湯頭喝起來清甜，牛腱的口感也不會太老
 

招牌東坡肉附刈包


 

肥肉的部份吃起來油而不膩，瘦肉的部份也不會太乾、太柴肥肉的油脂剛好中和瘦肉的口感，又香又Q又好吃
 

接下來的點心、湯包類全是半價折扣，真是佛心來著(我寫的價格為原價)

蔥油餅NT.100
口感厚實，最外層的口感酥脆，吃在嘴裡則是滿口的蔥香


翡翠素蒸餃NT.200
蒸餅的皮吃起來還挺有彈性的，加上飽滿的內餡，味道和口感都不錯
 

小籠湯包NT.200
小籠湯包裡頭的湯汁肉香四溢、加上現在只要半價，C/P爆表啦~~
 

絲瓜蝦仁湯包NT.300
有別於肉汁濃郁的小籠包，這絲瓜蝦仁湯包吃起來相較於清爽許多


豆沙鍋餅NT.200
 

豆沙小包NT.200


外皮雖然薄但還是富有彈性，加上甜而不膩的豆沙內餡，大家千萬不要錯過哦
 

飯後甜點
 





蘇杭餐廳 ▎官網
地址：台北市信義區松壽路22號3樓(NEO 19)電話：02-2345-1939營業時間：11:30~14:00／17:30~21:00





,2073,信義區/市政府/捷運站/蘇杭/小籠包/東坡肉/,
埔里美食推薦 ▎炎術獨創天然養身飲料 ＠ 好喝到難以忘懷,8149,1503,0.184439808565,meiko1101,╠ 南投 美食推薦,9,這間炎術還挺神奇的，先是聽名字就覺得這取名也太奇妙了點再者它是間開在埔里的飲料店，但是人氣卻超高、評價也是一面倒的好這天要上清境之前我們特地繞到這裡買杯飲料再上山
 

沒想到一到達現場，我的天天天啊~~~它可是大排長龍呢！！話說現在台中、台北好像都看得到炎術了耶
 

它的招牌可以說是無敵有夠大，出名的飲料也直接就印在上頭
 

店家還挺有誠意的，在一旁還有試喝區
 

炎術的menu


我當天的號碼牌，雖然人很多但是效率還不錯，並沒有等太久
 

冬瓜珍珠NT.35(大)／鮮南瓜奶NT.40(中)
冬瓜茶味道非常的濃郁不死甜，它們是使用白色的珍珠，帶有咬勁的口感搭配香甜的冬瓜茶，在炎熱的南投喝上一杯真是消暑又解渴
右邊是它們的招牌南瓜奶，南瓜和鮮奶的比例調配的非常的剛好香甜的南瓜配上香純的奶香，又香又好喝
 

還有販售整瓶的冬瓜原汁，大罐的喝比較久
 

後來從清境下山要回到台中，我們又特地繞過來買個二杯這次改買鮮芋頭奶NT.45／冬瓜珍珠奶NT.40(大)沒想到冬瓜加奶一樣香甜好喝，還有濃純香的芋頭奶好喝的程度真是讓人難以忘懷啊~~~
 


炎術獨創天然養身飲料 埔里總店
地址：南投縣埔里鎮南興街279號電話：049-2985476





,1453,南投/埔里/飲料/手搖店/果汁/,
赤峰街甜點推薦 ▎Miss V Bakery 肉桂卷、芋罷不能芋頭派 ＠ 捷運中山、雙連站,10642,1287,0.120935914302,meiko1101,╠ 台北。下午茶。甜點。喝咖啡,26,雖然愛吃甜點，但是吃的速度總是沒辦法快速的消化掉我那眾多的口袋名單這間 Miss V Bakery 當然也在名單裡待了好一陣子直到前一陣子好友Ｖ一直跟我推薦它們家的芋頭派，連不愛吃甜點的她都覺得這芋頭派超級好吃而且只有在芋頭產季才推出的季節限定，我也特地在產季結束前下班衝去現場購買


Miss V Bakery 的地址是在赤峰街上，在捷運中山站及雙連雙的中間我下班後就直接坐捷運板南線再換到捷運中山站後步前過去，步行約5分鐘左右，不算太遠


因為是平日下班過去，所以店裡頭沒什麼客人，和網路上大排長龍的模樣差很多
 

Miss V 是由二位女生所創立的，由來我就不多介紹了，網路上很多人都介紹的非常的清楚
 

 

 



因為Miss V Bakery 主打的商品就是肉桂捲，所以只有肉桂捲可以在前一天打電話預約其餘商品都要現場購買，當天下班後過來蛋糕都所剩不多，連我的目標芋頭派都沒啦～～吶喊～～
 



因為店裡的蛋糕保存方式都比較特殊，像是肉桂捲當天沒吃就要直接丟冷凍庫巧克力蛋糕卻是可以放常溫，所以貼心的印有食用說明給客人以免搞混
 

我當天外帶的商品
 

肉桂捲都用鋁箔紙包起來，方便直接丟冷凍庫


肉桂捲NT.60
因為深知新鮮是最美味的食用時間，所以回家立刻就開了一個肉桂捲來吃我本人其實是不愛肉桂的，不過因為它們最招牌就是肉桂，所以我還一口氣買了四個，真是失心瘋啊麵包體吃起來紮實但又帶點濕潤所以不至於太硬，充滿了肉桂香氣但又不至於讓我覺得難聞刺鼻雖然我不愛肉桂味但還算可以接受的程度
 

我肉桂捲其實一共買了原味、糖霜、奶油起司三個口味除了上圖應該是原味之外，下面二個我怎麼都分不出來它的不同之處？？
 

我看網路上的照片，肉桂捲上頭都淋有滿滿的奶油起士，莫非是冰過之後再加熱，它就會融化了？？是醬嗎
 

附上發票證明，我真的有買奶油起司啊~~~
 

焦糖黏黏包NT.75
焦糖黏黏包其實就是加了堅果和焦糖的肉桂捲，因為多了堅果和焦糖的香氣相較於原味的肉桂捲，我個人比較喜歡這焦糖黏黏包


惡魔巧克力蛋糕NT.120
因為是當天現做的巧克力蛋糕，所以它是可以放常溫的哦！超特別的蛋糕體本身偏向鬆軟且帶點濕潤的口感，巧克力吃起來絲滑且帶點甜度，味道還算不錯
 

溫熱莓果蛋糕NT.135
因為當天蛋糕所剩不多，這莓果蛋糕剛好剩最後一個，所以立馬打包它的口感比較緊實又濕黏，帶著香氣十足的莓果味，還挺美味的
 

Rocky Road布朗尼NT.80
 

光看就知道它是非常紥實的口感、加上苦甜的味道和口感豐富的堅果碎粒突然好想在一旁加上一球香草巧克力ＸＤ
 

同事好友因為知道我對芋頭派存有怨念，加上他家人也喜歡吃芋頭隔了二天利用中午跑了一趟Miss V Bakery
 

為的就是這一些「芋罷不能芋頭派」啊
 

芋罷不能芋頭NT.170 嗯，這價格還挺貴的
 

它的派皮還挺厚實，烤的香酥的派皮加上扎實的芋頭餡，不是芋泥、而且是整顆把芋頭去做的口感不死甜的味道非常的耐吃，不過我還是覺得價格訂的太高了點
 

紐約起士蛋糕NT.120
我去現場的當天店員有說它們的起士蛋糕也很受歡迎，所以麻煩同事也幫我外帶一塊起士味濃郁但不膩口，吃完後也還挺清爽的感覺




Miss V Bakery ▎Facebook
地址：台北市大同區赤峰街49巷3號1樓電話：02-2559-7393營業時間：周二周三與周五周六下午一點至晚間八點（周一周四周日三天休假）


,3941,蛋糕/派/肉桂捲/美國/赤峰街/中山站/雙連站/捷運站/,
台中必買伴手禮 ▎今日蜜麻花之家 ＠ 超人氣團購美食,3144,403,0.128180661578,meiko1101,╠ 台中 美食推薦,15,因為老媽是台中人，所以這今日蜜麻花其實我小時候就吃過了只記得好吃但沒有留下其他過多的印象去年跟友人聊天時提到，他們辦公室團購這蜜麻花，沒想到被大家吃光光，他一個都沒分到讓大方對這蜜麻花充滿了好奇，農曆年前他去了台中一趟，立刻給他地址直接去現場購買


但是！！沒想到過年前這蜜麻花可說是熱門這付德性，才剛到營業時間耶，門口已經大排長龍了
 

但是最讓人感到錯愕的其實是這張告示「本日已經售完」(((ﾟДﾟ;)))
 

上個月我們去了一趟台中，還好並沒有遇到上次那種排隊的盛況
 

這裡直接是生產的工廠，也是販售的地點
 

所有產品一包包的放置在籃裡，前方也有一些試吃的口味




 

也有一箱箱準備要出貨的團購宅配
 

商品總品項還有售價


沒想到還有許多名人也來捧場，像是九孔、李安、庾澄慶等等
 

蜜麻花NT.90 裡頭是一個個的小包裝，方便拿取及分食
 

有別於常見硬硬、脆脆的麻花捲，這蜜麻花比較偏軟，比較類似沙琪瑪的口感外層因為都裹著一層麥芽糖所以吃起來甜甜的、會有點黏牙的感覺，不過還挺涮嘴的
 

杏仁香片NT.110
 

這杏仁香片就是全部混在一起，所以很容易會沾黏在一起它吃起來的口感比較酥脆，上頭充滿了杏仁的香氣，不過我跟大方都比較喜歡蜜麻花
 



今日蜜麻花之家 ▎官網
地址：台中市西區中興七巷12號電話：04-2305-2099營業時間：10:00~21:00 (星期日公休)


,1683,台中/宅配/團購/麻花捲/蜜麻花/,
台中美食推薦 ▎La Pala Pizzeria Ristorante 鏟子義大利餐廳。超好吃的星星Pizza、義大利麵,5123,819,0.159867265274,meiko1101,╠ 台中 美食推薦,17,每次只要離開北部以外的地區，我都會想要試試當地的特色美食不過當有名的在地美食吃過一輪，又沒有在地人帶路的時候，就會開始尋找其他吸引人的美食像是這間鏟子義大利餐廳，這星型的PIZZA看起來實在是太有趣了


鏟子義大利餐廳就在著名的勤美綠園道附近，這裡除了餐廳很多之外連我們打算要購買的今日蜜麻花也在旁邊
 

 

這間鏟子義大利麵可是拿坡里協會認證的餐廳哦
 

 

一樓開放式的廚房，延著廚房也隔出了吧台的座位區
 

 

這天我們被帶往二樓的用餐環境
 

我們這天剛好是這張靠窗的座位，陽光自然的灑進來，還有綠葉的遮掩，非常的舒適
 

鏟子的menu也放在鏟子上，好可愛
 

 

 

阿蒂紅色狂歡星NT.330
 

紅色狂歡星是以紅醬為主，酸酸甜甜的蕃茄醬，加上乳略和培根，味道非常的豐富
 

最外圈餅皮折成三角的部份還塞了一球乳酪，餅皮吃起來超有咬勁的，我超喜歡
 

這罐是服務生推薦可以搭配的辣橄欖油又香又辣的橄欖吃起來超級提味，敢吃辣的人一定要沾來試試


清炒鮮蝦小卷蕃茄細扁麵NT.350
二隻既胖又大尾鮮蝦，肉質結實、味道鮮美，義大利麵吃起來雖然偏油了一點不過鮮甜的蕃茄味加上海鮮的鮮美，也算是非常美味！！





這天二道餐點我和大方都非常的滿意，是願意再訪的好店哦

 La Pala Pizzeria Ristorante 鏟子義大利餐廳 ▎Facebook
地址：台中市西區中興街165號電話：02-2301-3996營業時間：11:30~22:00



,1704,台中/pizza/義大利麵/勤美天地/,
清境美食推薦 ▎魯媽媽雲南擺夷料理,1873,284,0.151628403631,meiko1101,╠ 南投 美食推薦,15,清境的民宿多，但是餐廳的選擇倒是感覺少了許多有清境這裡，比較出名的餐廳而且歷史悠久的，大家應該都會想到這間魯媽媽雲南擺夷料理


魯媽媽的地理位置很高，延著仁和路往上走，幾乎都快開到山頂了才終於看到魯媽媽的招牌
 

魯媽媽的餐廳外觀倒還挺有歐式建築的風格


因為地勢高，在停車場的一旁還規劃出一個可以欣賞清境美麗風景的平台
 

這天我們被帶往二樓， 樓上的座位幾乎都緊鄰窗邊，讓顧客在用餐之時都可以欣賞窗外的風景
 

還挺多節目名人都來這裡採訪過哦
 

這裡有提供免費的茶水
 

menu上有大約的介紹因為雲南少數民族隨著異域孤軍來到了清境所以在清境才會看到許多的雲南擺夷料理
 

 

 

高麗菜芽NT.100
畢竟高麗菜比較常見，所以我們選擇高麗菜芽，吃起來清脆可口


傣味米干NT.100
這米干算是雲南的家食料理，吃起來的口感其實就類似板條，只是口感比較粗了一點上頭一球是辣肉燥，跟米干拌在一起，既開胃又涮嘴
 

錦灑NT.250(小)


以香料拌炒的豬里肌，包在生脆的生菜裡，口感和味道都很豐富本來感覺很普通的豬絞肉沒想到還挺出乎我意料的好吃


雲南椒麻雞NT.200(小)
因為有淋醬的關係，所以這椒麻雞吃起來的口感比較濕潤不過我個人比較喜歡炸的酥脆的口感，所以我個人比較不喜歡，但是味道是也還不錯吃啦



清境魯媽媽雲南擺夷料理 ▎Facebook
地址：南投縣仁愛鄉仁和路210之2之1號電話：04-9280-3876




,1716,台中/清境/雲南菜/擺夷菜/魯媽媽/南投/,
台北義大利麵推薦 ▎弄弄Non-No 工業風設計 ＠ 捷運南京東路站,3811,265,0.0695355549724,meiko1101,╠ 台北。義法料理,25,在幾年前大方認識了一群同樣愛好旅遊的朋友，三五不時就會約出來聚聚除了聊聊大家的近況之外還會討論大伙下個旅遊的計劃及目標這天約會的地點在選在龍江路的巷弄裡的弄弄Non-No


上網查了一下這間弄弄，官網的地址只顯示在龍江路106巷好奇的問了一下店員才知道，原來這間店址是在別的路上，如果給了地址反而會找不到所以一律告訴所有人請依「龍江路106巷」進來後就可以看到




 

 

 



店裡的裝潢其實挺簡單的，但不外乎也是復古工業風的設計
 

 

 

而且店裡的廚師到服務生，每一位都是男生，沒有任何一位女生哦XDD
 

弄弄的menu，大圖可以看官方 FB
 

 



 

點選餐點就會附上的麵包，可是它是冷的&hellip;&hellip;
 

因為當天我們人數不少，所以大家都選擇自己想吃的餐點，沒有一同分食，我就不多加介紹囉另外這裡皆為單點的方式，沒有套餐的優惠組合哦

香煎雞柳沙拉麵NT.240
 

海鮮義大利麵NT.280
 

鐵板煎大腿NT.320
 

沙朗牛NT.420


奶油野菇燉飯NT.260
本想點早午餐來試試，不過因為我們是晚餐時間過來，所以就選擇了一份服務生推薦的燉飯白醬吃起來清爽，完全不會感覺得到膩口，杏鮑菇和配菜都切非常的大塊，吃超來感覺非常的豪邁米飯的口感也還不錯，整體感覺還挺好吃的
 

奶油雞腿義大利麵NT.260
雖然也是奶油口味，但是吃起來還是有別於我的燉飯，多了明顯雞肉的香氣及油脂加上彈牙的麵條，這義大利麵也挺美味的哦


因為擔心吃不飽，所以我們事先詢問義大利麵份量是否可以加大沒想到服務生先送上一份完整的義大利麵之後(如上圖)，再另外送上一盤擁有配菜的義大利麵而且這盤加量的義大利麵完全沒加價，真的是佛心來著！
 

冰拿鐵NT.70
 

鮮奶茶NT.90
這鮮奶茶比較特別的是給一壺熱茶和一杯鮮奶再自行調製不過因為鮮奶的杯子沒有斜口設計所以容易流得到處都是，小缺點
 



弄弄 Non-No ▎ Facebook
地址：台北市中山區龍江路106巷電話：02-2508-1082營業時間：10:00~23:00 (星期日公休)





,2369,弄弄/復古風/工業風/loft/龍江路/捷運/南京東路/義大利麵/燉飯/,
台北早午餐推薦 ▎Goody.O.Cafe古迪.歐 信義店 ＠ 捷運信義安和站,7154,373,0.0521386636847,meiko1101,╔ 台北。Brunch 。早餐,29,Goody.O.Cafe古迪.歐是在永和還挺有名氣的一間早午餐不過總覺得那附近不太好找停車位，所以也不太敢找大方帶我去吃沒想到它前一陣子在台北開了分店啦！立刻拉著大方和好友陪我一起試試
 

Goody.O.Cafe開在台北市信義路四段，沒想到這附近也同樣不是很好找停車位(*&acute;Д`)つ)不過好在家不遠處有個付費停車場


這間熱門的早午餐當然要建議事先訂位啦，還好我們幸運的訂到了座位
 

 

正後方有一張大桌適合多人聚餐


 

一樓客滿之後，店家也開放了地下室的座位
 

才剛坐下來服務生立刻就遞上開水，不會因為生意很好就忽略掉一些小細節
 

古迪歐的menu，這一頁是開胃菜和沙拉的選項
 

古迪歐早午餐，有附一杯飲料及新鮮水果有金字貼紙的部份本以為是推薦選項，一問之下才知道是可以提供外帶的餐點
 

除了早午餐的選擇，也還有提供義大利麵和燉飯價格皆為單點，也可以加價升級為A餐或是B餐
 

連pizza也有哦！
 

飲料的部份
 

接下來這份則是信義店獨家的餐點
 



好友點了一份義大利加99元升級為A餐，可以選擇薯條／洋蔥圈＋碳酸飲料無限暢飲


這二杯都是可樂，小杯則是可以無限暢飲的
 

檸檬紅茶和紅茶


黑豬堡NT.280
 

選用黑色的麵包的黑豬堡，漢堡排上頭還有超士、培根和太陽蛋，再搭配星星的塑膠牙籤看起來既可愛又美味的樣子


店家貼心的附上一張紙袋可以把漢堡放進去吃
 

組合好後的黑豬堡，看起來是不是超可口的啊～好友說它真的挺好吃的下回來我也要點份黑豬堡來試試
 

鐵鍋香腸麵包總匯餐NT.330
一旁搭配的有薯塊、軟法麵包、沙拉和水果


有三種不同口味的香腸，咬起來的口感都非常的清脆彈牙，薯塊的味道也不錯鐵鍋的最下方還有一層炒蛋可以搭配著一同食用


蒜味辣椒培根NT.209
在點餐的時候服務生就有先詢問是否吃辣，因為據說這道是店裡頭最辣的一道麵條的口感不錯，偏硬有彈性，而且辣度真的破表！吃起來超過癮的但是又不會因為辣味而裺蓋掉其他食材本身的味道，很香很好吃～
 

西班牙可頌NT.250
 

這可頌裡頭還夾著二種不同口味的火腿哦




愛心型的薯餅也太可愛了吧
 




我們這天在 Goody.O.Cafe 點了四樣餐點都很美味，是我們會再訪的好店！


Goody.O.Cafe古迪.歐 信義店 ▎ Facebook
地址：台北市信義路四段265巷5弄3號電話：02-2708-8528

Goody.O.Cafe古迪.歐 永和本店 ▎ Facebook
地址：新北市永和區安樂路218號1F電話：02-2927-7718


,2866,永和/早午餐/brunch/漢堡/薯條/三明治/捷運/信義安和路/,
板橋咖啡廳推薦 ▎季節日記Kisetsu。法式鄉村風，價格實惠，C/P值超高,4965,558,0.112386706949,meiko1101,╠ 台北。下午茶。甜點。喝咖啡,16,這間季節日記Kisetsu其實是我早午餐的口袋名單，但因為擔心停車不方便所以一直沒有前往前一陣子跟友人在附近吃六必居砂鍋粥，吃完後想找地方續攤，剛好經過了它們的店門口


雖然季節日記Kisetsu位於中山路的巷弄內，不過這明亮的外觀還真不容易讓人忽略


裡頭一整個都是法式鄉村風格










店裡的貼心小提醒，像是不收服務費、低消100元(這門檻算是很低了吧)、提供WIFI等等


當我看到這價格真的有嚇到，會不會太便宜了一點，甜點都沒有超過90元耶！！


飲品也從40元起跳，最過的也不過是117元，真的是佛心來著的！


輕食47元起，早午餐也只要127元就有，真是另人太感動的價格啦～～


不是冰淇淋ㄉ杏仁霜冰糕NT.87


珍珠糖檸檬閃電泡芙NT.87


季節紅茶NT.40／森林莓果汽泡水NT.97


冰焦糖拿鐵NT.107


森半京都宇治抹茶NT.87




這點的甜點雖然稱不上驚艷，但味道也還算不錯吃，倒是飲料喝起來就比較普通了點但因為不收服務費，加上環境也還算舒適，在板橋如果想找個地方坐坐又不想花太多的經費，季節日記Kisetsu會是不錯的選擇



季節日記Kisetsu ▎Facebook
地址：新北市板橋區中山路一段158巷7號1樓電話：02-2957-1717營業時間：09:00~21:00




,1453,板橋/早午餐/brunch/法式鄉村風/歐式鄉村風/,
好吃鐵板燒推薦 ▎九鼎鐵板燒&鍋物 ＠ 大直捷運劍南路站,7112,693,0.0974409448819,meiko1101,╠ 台北。鐵板燒,36,前一陣子大方的友人作東約吃飯，很榮幸的我也一同受邀出席，真是太感動啦～～友人約在位於大直的九鼎鐵板燒&amp;鍋物，店裡選用龍蝦、鮑魚、紅喉等等頂級食材皆為產地直送老闆堅持給顧客最好的食材，但是高貴不貴，比起一些高價鐵板燒來說，這裡還真是c/p值高出許多


自從捷運通車之來，大直在這幾年餐廳發展的可說是非常的快速九鼎鐵板燒&amp;鍋物位於樂群三路上，同一條路上還有我們愛吃的鄧有葵牛排


一進門後首先看到的是大型的鐵板燒座位


右手邊則是吃火鍋的地方
 

 

翻了一下menu，九鼎有推出雙人套餐，價格約3000~4000元左右以晚餐的價位來說並不算太高而且在九鼎用餐是可以更換menu上的菜色的，也可以告知預算請主廚搭配因為請客的友人是熟客，早早請餐廳幫忙準備一些特殊的食材所以我們吃的餐點有異動過，是在menu上看不到的


 

吃鐵板燒必備的洋蔥以及養生茶
 

九鼎也有提供酒水，這天是廚師幫我選擇的白酒，適合拿來搭配前菜冰冰涼涼的酒味不重，微甜的味道好喝極了，就像是在喝汽泡水一樣＜＜開車不喝酒，喝酒不開車＞＞
 

前菜－鮮蝦山藥
新鮮的蝦子肉質吃起來結實，搭配好吃的和風山藥，非常好吃的開胃前菜


湯品一共有洋蔥湯、南瓜湯、海鮮清湯和玉米濃湯可以選擇因為我本來就喜歡南瓜，營養價值高又好喝


大方則是選擇海鮮清湯，裡頭有蝦子、魚肉和蛤蜊，料好實在
 

洋蔥湯
 

這洋蔥湯可說是九鼎的得意之作，連官方ＦＢ也有特別介紹它的製作過程就先把洋蔥炒3個小時把洋蔥焦糖化，在一同加入蔬果、牛筋肉一同熬煮，非常的費工費時喝起來的湯頭果然甜美，排得上喝過洋蔥湯的前三名！
 

手工雜糧麵包
九鼎在小細節也不會放過，特別選用手工雜糧麵包，除了口感好之外，美味和營養兼俱
 

季節鮮魚


紅喉魚可是我們家大方的最愛，在這裡可是一人一尾的哦～～～不怕吃不過癮啦～～外表微焦，吃得到焦香和酥酥的口感，但是魚肉卻是鮮嫩細緻的不得了在場的每個人都直呼好好吃
 

近手掌大而且又新鮮的鮑魚


海鮮向來不是我的菜，不過這鮑魚的口感彈牙又富有咬勁，而且味道鮮美，第一次覺得鮑魚好好吃哦


龍蝦向來也是我不愛吃的食物之一，因為不喜歡它粉粉的口感
 

沒想到這隻龍蝦的肉質結實彈牙、味道鮮甜，大方喜歡搭配右邊的芥末味噌我則是喜歡搭配另一側的蕃茄莎莎醬，微酸的味道剛好帶出蝦肉的甜味
 

接下來終於輪到我們最愛的美國肋眼牛排啦


先將牛排微煎之後，放在鐵板的一旁讓它繼續熟成靜置一段時間
 

 

這時候接上先送上蔬菜沙拉，調味醬有凱薩、和風、柳橙和千島可以選擇因為考量熱量所以我的這份選擇的柳橙醬，酸酸甜甜的味道非常好入口


為了迎接接下來的肉品，接著換上了紅酒　＜＜喝酒不開車，開車不喝酒＞＞


先登場的是一人一支羊排
 

吃羊肉最擔心的就是會有羊膻味主廚料理的很好，不但沒有任何羊膻味，肉汁香甜、肉香四溢，味道很棒
 

終於輪回到剛才的牛肉啦，經過熟成之後的牛肉，肉汁完全被鎖在裡頭吃起來非常的軟嫩又鮮甜
 

這麼一大塊的牛肉會有二~三種不同的做法，一開始會比較軟嫩的口感越後面則是越富有咬勁的牛肉，我覺得都非常的好吃哦
 

剛才牛肉切剩下的部份則是用來炒高麗菜啦，高麗菜本身就很清甜再加上洋蔥和牛肉一起拌炒，味道豐富又味美


飯後甜點則是季節水果和店家自製的烤布蕾而且不要看烤布蕾看似普通，蛋香濃郁、甜而不膩，九鼎從前菜到甜點都很好吃哦！
 

主廚最後還加碼了一道甜點，大家應該看得出來這是什麼嗎
 

最後在鐵板上淋上蜂蜜，好想吃啊～～～
 

將將～～古早味烤香蕉熱騰騰上桌，好香好好吃啊
 

最後最後，因為友人是常客，所以吃飽喝足之後，只見老闆又拿出這私房梨山茶來跟大家泡茶聊天用湯匙將茶舀到小碗後，湯匙再拿來聞香，沒想到這樣泡茶還真的又香又好喝老闆表示，不是只有熟客來才有這茶可以喝，只要吃飽後想要留下來跟老闆聊天的，都有機會喝茶哦
 



認識meiko的人都知道我其實不太吃海鮮，因為只要有一點腥味我就會受不了這天在九鼎所有的東西吃下來，真的可以說是完全沒有感覺到任何一丁點的腥味新鮮的程度可說是直逼在魚港吃海鮮的感覺啦！！而且料好實在，非常值得推薦的餐廳


九鼎鐵板燒&amp;鍋物 ▎Facebook
地址：台北市樂群三路67號電話：02-8502-9996



,5147,大直/鐵板燒/紅喉魚/龍蝦/美國牛/肋眼牛排/紅酒/羊排/,
台北咖啡廳推薦 ▎Stoppage Time 補時咖啡,2694,149,0.0553080920564,meiko1101,╠ 台北。下午茶。甜點。喝咖啡,20,這間 Stoppage Time 補時咖啡因為裝潢風格挺吸引我，在網路上看到網友分享後就直接收入口袋名單前一陣子和友人上陽明山看夜景沒想到卻只看到了一堆霧，所以很快就下山找咖啡廳續攤想起了這間讓我印象深刻的裝潢設計，就帶著大家一同來這間咖啡廳Stoppage Time 補時一下
 

Stoppage Time 補時位於和平東路的巷弄裡，緊鄰著和平公園，有種鬧中取靜的感覺


 



老闆似乎是這位長頭髮的男子，雖然他講話的態度還算親切但不曉得為何他就給人一種不怒而威的感覺XD
 

店裡的柱子裝潢成黑板的樣子，上頭寫著wifi的密碼及一些沒在menu上的甜點
 

Stoppage Time 補時 是在足球比賽時間結束後，將比賽時一些暫停的時間給補回來在這一段補時裡可說是會發生無限的可能
 

店裡頭的裝潢大多以黑白色為主
 

 

 

 

連menu都設計的非常有時間概念的感覺
 

甘菊茶NT.180
因為擔心喝茶或是咖啡都會睡不著，所以點了這店員推薦的甘菊茶，喝起來覺得味道還不錯
 

接下來二款都是友人點的茶飲




拿鐵咖啡NT.130
奶泡看來厚實又絲滑，不過我們覺得味道普通了點


這裝蛋糕的盤子是我超想買的琺瑯盤耶，本人一直在龜毛要不要入手
 

提拉米蘇NT.150
很可惜的是提拉米蘇的口感太水了點，我不是很愛
 

栗子栗子蛋糕NT.140


倒是我點的栗子味道很濃郁，口感也不錯


最後補充一下這裡的特色，提供wifi、插頭，而且不限用餐時間，所有非常適合帶著筆電來這裡待上一整天唯一可惜的是店裡回音很大，只要有多人在聊天就會覺得很吵雜



Stoppage Time 補時咖啡 ▎Facebook

地址：台北市大安區和平東路二段96巷15弄30號電話：02-2736-6506營業時間：11:00~23:00



,1970,補時/咖啡店/咖啡廳/和平公園/提拉米蘇/栗子/,
早午餐推薦 ▎NEST burger 單車美式餐廳 ＠ 萬華 捷運龍山寺站,8475,923,0.108908554572,meiko1101,╔ 台北。Brunch 。早餐,25,會知道這間早午餐的過程其實有點好玩話說小姑現在住在中壢，常常聽她說有個「我是中壢人」的粉絲團，大家都會在上頭討論中壢的大小事因為娘家在萬華，我也常在萬華區打滾，好奇心驅使之下上網搜尋是否有萬華人的粉絲團沒想到還真的有耶！！　而這間 NEST burger 就是在萬華人的粉絲團中評價不錯的早午餐
 

清明連假很多熱門的餐廳當然都是一位難求因為友人剛好都是萬華人和板橋人，這間NEST burger 距離捷運龍山寺站不算太遠除了交通方便，地理位置距離我們大家也都不會太遠
 

NEST burger 生意其實不錯，我們本來預計是要吃早午餐，但是只訂到1點的座位我是趁著離開時店員整理座位時趕緊搶拍沒有空人時的照片
 

靠窗的汽油桶高腳座位區
 

另一面的落地窗則是小型沙發區
 



最中間的大型桌上就這樣擺著一台單車在桌子上頭
 

NEST burger 位於新社區大樓的一樓，除了裡頭空間寬敞之外，因為樓層挑高所以隔出了一個二樓的小空間，販售許多單車的用品和服飾
 

牆面的黑板上寫著購買牛仔褲送漢堡套餐哦
 

NEST burger 的menu
 



除了漢堡之外還有義大利麵及燉飯
 

點選漢堡或是三明治都包含薯條和一杯飲料，飲料是右邊無限暢飲的部份，還挺有誠意的
 

炸起司條NT.100
 

冰拿鐵 (另加價NT.90)
 

OREO奶昔(另加價NT.90)
 

可以無限暢飲的檸檬紅茶
 

法式香甜總匯三明治NT.200
 

最外邊的法式吐司口感鬆軟，裡頭的配料有洋蔥、蕃茄、新鮮的生菜、火腿和起士等等配料算是非常的豐富，味道吃起來清爽美味，搭配上炸的酥脆又灑有特製的香料調味粉的薯條讓人忍不住把會爆肥的邪惡美食給吃光光
 

美式BBQ牛肉堡NT.310
 

 

招牌花生醬牛肉堡NT.210
友人表示它們的花生醬很好吃！
 

招牌花生醬雞腿堡NT.210


STAND牛肉堡NT.270
 

大方選擇這種一聽名稱就覺得會爆肥的牛肉堡麵包吃起來鬆軟，雙層的牛肉上頭都還各有一片起士片、再加上二條酥脆的培根牛肉吃起來多汁但完全不會覺得油膩，吃完之後口腔完全沒有膩口的感覺
 



這間萬華人粉絲團推薦的餐廳，味道口環境我們都很喜歡，之後我要繼續發掘萬華的美食啦～～


NEST burger ▎ Facebook
地址：臺北市萬華區西園路一段80號1F電話：02-2331-8891營業時間：10:30~22:00(供餐至21:00)


,2656,萬華/捷運站/龍山寺/早午餐/漢堡/三明治/brunch/,
好吃串燒推薦 ▎下酒菜串燒 居酒屋 @ 捷運東門站,4971,718,0.144437738886,meiko1101,╠ 台北。日本料理,21,前一陣子大方在粉絲團分享串燒居酒屋的食記，有網友留言推薦這間「下酒菜株式會社串燒居酒屋」剛好要跟友人約吃飯，一時也想不出來要吃什麼，加上現在的天氣非常適合去居酒屋就立刻打電話訂位先~~
 

這下酒菜株式會社串燒居酒屋地址位於金山南路上，從捷運東門站2號出口走過來約5分鐘左右


店面坪數不大，一樓是廚房結合吧台區
 

我們這位坐的位子在二樓，樓梯很狹窄，只能一個人通過的寬度
 



 

下酒菜的menu，每人低消NT.300 因為第一次來所以我們看到有「讚」的符號就劃XD
 

也有一些特殊菜色是menu上所沒有的


 

樓梯口的風鈴，劃好餐點後搖鈴，服務生就會上來啦，客人不需要自己跑下樓，還算貼心
 

蘋果西打NT.50/杯
 

＊因為單子上的價格都是一份二串，我們一行三人，店裡很貼心都讓我們的餐點都自動加到三串

蒜香松坂豬
豬肉上頭白白的部份都是蒜泥，吃起來算是非常的過癮
 

揚出豆腐
看起來外表普通的炸豆腐，外層非常的酥脆加上裡頭滑嫩的豆腐，沾著清爽的和風醬酒，挺美味的
 

東洋炒烏龍NT.180
上頭舖滿了滿滿的高麗菜


麵條彈牙入味，味道和口感都不錯
 

起司洋蔥串
第一次看來這麼好玩的起司啦~~~起司包著微嗆微甜的洋蔥片，味道特別好吃


明太子雞肉串
真材實料的明太子滿滿的舖在雞肉上頭，愛吃明太子的人千萬不要錯過囉
 

風味雞軟骨NT.150 ，我們最愛酥脆有咬勁的雞軟骨
 

沖繩苦瓜NT.200
因為滿桌子的串燒，所以點了份苦瓜來平衡味蕾及補充纖維質
 

厲害的牛肉炒飯NT.200
炒飯粒粒分明、味道夠味、牛肉口感軟嫩，這炒飯還真的挺厲害的
 

香烤雞翅
雞皮香酥、雞肉卻還是非常的鮮嫩多汁，好好吃哦~~
 




很感謝這間網友推薦的下酒菜，每款串燒都非常的入味好吃，而且貼心的可以調整串數是會再訪的小店！


下酒菜 串燒 居酒屋 ▎Facebook
地址：台北市中正區金山南路一段81-1號電話：02-2321-5058營業時間：18:00~01:00 (星期一公休)



,2325,下酒菜/居酒屋/日本料理/東門站/捷運車站/,
台北早午餐推薦 ▎AGCT Apartment  設計風格咖啡廳 ＠ 溫洲街台大商圈,3444,304,0.0882694541231,meiko1101,╔ 台北。Brunch 。早餐,22,這天找Brunch餐廳時因為時間太趕，許多熱門的餐廳都已經客滿打了不少的電話最後終於在這間AGCT Apartment 順到訂到座位不過它的營業時間晚，假日12點才開門，所以吃Brunch變成吃午餐了
 

AGCT Apartment 位於這棟建築物的三樓，門口在側邊的巷子
 

 

公寓的入口處，而且沒想到這裡頭還有電梯，雖然載了三個人就超重XD


AGCT Apartment 其實是間設計工作室結合咖啡廳，當天據老闆表示這裡最早純粹是他們的工作室在約一年前改成提供廠商開會的場所，最近半年才開始對外營業
 

 

 

大片的落地窗，看出去是綠意盎然的大樹和老舊的街景，在台北已經快找不到這樣的美景了
 

 

 

 

冰鎮手沖咖啡NT.130
大方選擇的手沖咖啡，喝起來酸度適中順口
 

友人點的好像是綜合咖啡豆之類的，當時顧著拍照沒聽清楚(&acute;///☁///`)
 

好友點的新鮮藍莓汁NT.160，聽說味道不錯
 

薑薑薑薑
這是我點的薑薑薑薑，裡頭添加了肉桂和柳燈，所以薑味沒那麼的嗆，出乎意料的好喝
 

B.L.T. Classic NT.220
 

所謂的BLT指的是Bacon培根， Lettuce生菜， Tomato番茄，組合而成的三明治就稱為BLT三明治雖然是很簡單的食材，但是生菜和蕃茄青脆多汁，加上美味的調味，我和大方都超愛這三明治
 

輕咬太太燻雞三明治，友人也說味道不錯
 

Beef Pasties NT.260（慢燉牛骨牛筋肉派＋各式蔬菜）


 

這個牛肉派有讓我感覺像是在澳洲吃到微笑肉派的感覺裡頭為數不少的牛肉塊和牛筋，用料非常的實在，牛筋吃起來彈牙、牛肉軟嫩入味，調味也很棒
 

 


每次在找餐廳的時候其實我多少都會有些壓力，因為不曉得找的餐廳是否合大家的口味這間AGCT Apartment 吸引我的地方是它們的三明治以及大片的落地窗提供的餐點選擇並不多，都是單點沒有比較實惠的套餐組合所以我一開始其實挺擔心會不會只有我一個人吃的很過癮沒想到除了單價賣的偏高之外，不管是環境還是餐點的味道都還挺合大家的意(๑ơ ₃ ơ)&hearts;



AGCT Apartment ▎官網 Facebook
地址：台北市大安區溫州街49巷2-2號3樓電話：02-2369-6659營業時間：12:00~22:30



,2423,咖啡廳/咖啡店/手沖咖啡/單品咖啡/溫洲街/台大商圈/AGCT Apartment/BLT/三明治/早午餐/brunch/,
伴手禮推薦 ▎國賓經典鳳梨酥 ＠ 國賓大飯店 le bouquet 繽紛蛋糕房,1104,181,0.163949275362,meiko1101,╠ 台北。下午茶。甜點。喝咖啡,8,meiko算是非常的有口福，身邊不少好友知道我愛吃甜食，所以有美食總是不忘算上我一份前一陣子好友去國賓飯店的繽紛蛋糕房買東西，本來只是想跟他分一塊鳳梨酥來吃吃沒想到他卻送了我一盒，真的是揪甘心(*&acute;&forall;`)~&hearts;~~
 

這一盒金光閃閃的就是國賓飯店的經典鳳梨酥除了金黃色本來就是鳳梨的代表色之外，看起來更是既高級又貴氣啊


沒想到拆掉包裝紙之後，這竹製的盒子更是質感滿分啊～
 

 

竹製盒子裡頭的鳳梨酥一共有二層，共六顆鳳梨酥


另外補充一下，這國賓經典鳳梨酥是土鳳梨酥，也就是使用真正的鳳梨做為內餡
 

有別於常見四方型的外觀，而是做成細長型的長方型，重量頗重，放在手上感覺起來挺有份量的
 

最外層的酥皮光看外表就可以知道它烤的有多香酥國賓特地選擇三款鳳梨品種調製而成的完美比例的鳳梨內餡吃起來感覺比較不那麼酸、甜度也不是太甜，表現雖然不是很突出但也算是挺耐吃的一款
 


台北國賓大飯店 le bouquet 繽紛蛋糕房 ▎官網 Facebook
地址：台北市中山北路二段63號電話：02-2100-2100#2856營業時間：10:00~21:00


繽紛麵包房
士林店
地址：台北市士林區中正路115號電話：02-2882-5526
樂利店
地址：台北市樂利路39號之1 電話：02-2733-3968


,1481,國賓大飯店/繽紛蛋糕房/土鳳梨酥/鳳梨酥/,
彰化美食推薦 ▎超好吃，超美味的桂圓蛋糕 ＠ 寶珍香 必買伴手禮推薦,1163,299,0.25709372313,meiko1101,╠ 彰化 美食推薦,6,第一次吃到這超美味的桂圓蛋糕是在2006年的時候，那時候是同事的回禮結果全辦公室都被它的美味給吸引，三天兩頭就會團購個幾盒來解解讒這次則是好友V小姐在彰化購買之後宅配上來給我們，真的是既驚喜又開心


桂圓蛋糕(精緻包裝12入)NT.200
來自彰化的寶珍香創立於民國元年，至今已經是百年老店啦這招牌桂圓蛋糕是熱門的團購美食，也是到彰化旅行必買的伴手禮之一


我們之前團購的桂圓蛋糕是裸裝，這次收到的一個個包裝好的精緻包裝官網的價格12入的桂圓蛋糕沒包裝為NT.180，有包裝的為NT.200，價差NT.20


這包裝好的桂圓蛋糕比較好保存及適合攜帶，不管是放在辦公室或是帶去野餐甚至是放在包包裡隨時解讒用都非常的方便


外觀雖然不是很起眼，但是它真的很好吃~~
 

塑膠封袋一打開後就是滿滿的桂圓香，鬆軟又帶有Q勁的蛋糕，裡頭盡是用料實在的桂圓香甜不膩口，小小的一個剛好在下午茶的時候補充一下體力，超棒der~~~~
 


延伸閱讀：

【彰化】寶珍香桂圓蛋糕


寶珍香 ▎官網
地址：彰化市彰南路二段165號電話：04-738-1635

,1284,彰化/寶珍香/桂圓蛋糕/伴手禮/,
台南美食推薦 ▎夏威夷豆塔 ＠ 大億麗緻酒店,3044,537,0.17641261498,meiko1101,╠ 台南 美食推薦,7,這天待在飯店裡等候退房時間，因為就要離開台南了，所以開始google有什麼出名的宅配美食（一直到最後一刻還是不放過任何可以花錢的機會）沒想到還真的被我找到這超神奇的夏威夷豆塔這由大億麗緻酒店所出名的夏威夷豆塔，網路上還真是一面倒的推薦還有很多人很熱烈的討論該如何購買因為大億麗緻酒店就在台南晶英的隔壁，我也就步行過去碰碰運氣
 

大億麗緻酒店的側面本來有一間烘培坊，不過似乎已經歇業了在台南新光新天地的美食街也有一間大億麗緻酒店的烘培專櫃，不過因為還沒有百貨公司的營業時間所以我直接進入酒店的大廳，還好大廳也有烘培坊，也有販售這夏威夷豆塔 因為沒有事先預訂，只能少量購買，建議要大量購買的人要事先預訂哦
 

夏威夷豆塔NT.200
我知道夏威夷豆本來單價就不便宜了，所以這一盒六入200元，算是還可以接受的價格
 

每一個夏威夷豆塔都有塑膠袋包著，網路上看到的資訊是沒有包裝的，看來大億麗緻有改善囉
 

夏威夷豆塔還挺小的，放在醬料碟裡還是覺得很小&hellip;&hellip;


 

下層的塔皮香酥，夏威夷豆扎實酥脆，搭配上不會過於甜膩的焦糖，還真的挺美味的
 




大億麗緻酒店 ▎官網
地址：台南市中西區西門路一段660號電話：06-213-5555



,1488,台南/大億麗緻酒店/夏威夷豆/,
台中美食推薦 ▎好好 good days。什麼都好，就是價格不好 ＠ 西屯區,4382,473,0.107941579188,meiko1101,╠ 台中 美食推薦,27,前一陣子去了一趟清境，我們利用了一些時間在台中短暫的停留台中的美食餐廳跟台北有得比，每次去一趟台中總有一大堆口袋名單想吃
 

也許你還不認識好好 good days，但你應該認識「薰衣草森林」薰衣草森林的二位創辦人慧君與庭妃，因為希望能與自然、社會，共享一切美好的事物所以成立了這間好好，不過我不禁要抱怨了，為何每次都是在中南部~~~~都不來台北開店啦~~
 

 

門口這一張張白報紙其實就是好好的menu


左邊是半開放的廚房吧台，右邊則是文創商品或是一些在地農產品




 





 

好好的招牌「幸運草麵包」
 

一些可愛的小植栽
 

這裡是結帳的櫃台，也是一些精緻文具用品的展示櫃台
 

 



 

 

好好的menu，中午時段只供應「微食堂」及「輕鬆食」超想嚐試的早午餐只有在08:30~10:30提供


點微食堂的set附有湯品、手作醃漬菜與家常小菜及每日好茶還有主食香米／好好手作麵包二選一

當天的湯品是香菇雞湯，喝起來沒有過多調味的感覺，只感受到著濃郁的香菇味雞肉吃起來不會太柴，口感還不錯
 

家常用心燉牛肉NT.360 ，當日的飲品為康福茶
 

牛肉燉的入味軟嫩，搭配白飯味道不錯，但吃起來沒有「媽媽的味道」那種家常的感覺還是說因為我媽不會燉牛肉(大誤)
 

搭配一小碟生菜沙拉來均衡營養
 

三碟醃漬菜和家常小菜因為我本身不愛醃漬物所以左邊和中邊的小菜我沒有試，右邊的小菜倒挺鹹香下飯
 

Today's Special NT.300
 

今日特餐是漢堡排加荷包蛋，雖然漢堡排的調味不錯但是說實話，這樣的份量給我吃剛剛好，男生來吃保證吃不飽的


每日限量的幸運草麵包，吃起來味道淡淡的，本以為吃起來應該會很驚艷的，但完全沒有
 

點餐點可以加NT.80有一份檸檬派，因為深知有可能會吃不飽所以加點了一份檸檬派吃起來是那種不會讓人酸度受不了的程度，酸得恰到好處，味道和口感都不錯這甜點倒是有讓我眼睛為之一亮的感覺




我很喜歡好好的環境、好好的餐點，但是價格一點也不好(๑&acute;ㅂ`๑)

好好 good days ▎官網 Facebook
地址：台中市西屯區朝富路232號電話：04-2258-0196營業時間：07:30~21:00




,2510,台中/好好/薰衣草/薰衣草森林/早午餐/brunch/,
板橋美食推薦 ▎小潘蛋糕坊 ＠ 個人覺得最好吃的鳳梨酥,6775,1952,0.288118081181,meiko1101,╚ 台北。小吃。宵夜。零食,15,話說前一陣子假日我一個人在外健走的時候經過這間小潘蛋糕坊因為也好久一陣子沒吃了就進去買個鳳梨酥解解讒沒想到在FB上居然也引起了一陣共嗚，看來很多人都我一樣喜歡小潘鳳梨酥啊


話說這小潘蛋糕坊的本店位於中正路的巷內，中正路上有一間國泰世華銀行小潘就位於銀行正對方的巷內，不是內行人還真的不會走進來前一陣子小潘在板橋和平路上也開了一間分店，不過我是路痴，還沒機會過去XD
 

店裡許多的商品都一盒盒的裝好，看到喜歡的就直接拿去結帳，盒子裡有綠豆椪、老婆餅等等
 

還有桂圓蛋糕和小牛角
 

冰櫃裡還有千層乳酪和千層蜂蜜蛋糕，上回在FB上看到很多粉絲推薦過年時小姑過來買鳳梨酥時請她幫我帶一條，沒想到全數售完(((ﾟДﾟ;)))
 

沒想到小潘也推出土鳳梨酥了，不過我本來就比較喜歡吃冬瓜餡的鳳梨酥(๑&acute;ㅂ`๑)
 

我當天買的5入鳳黃酥NT.85和蛋黃酥NT.162鳳黃酥和鳳梨酥都可以選擇裸裝或是單片包裝，單包裝單價比較高，因為自己吃所以我選擇裸裝鳳黃酥NT.17／鳳梨酥NT.16裸裝都是以5為倍數單位，像是5入、10入、15入
 

我比較喜歡冬瓜內餡的鳳梨酥，更偏好加入鹹蛋黃、吃起來鹹甜鹹甜的鳳黃酥小潘的外皮烤的香酥，但是吃起來一點也不油膩，裡頭的冬瓜餡吃起來香甜加上一顆鹹蛋黃在裡頭，那鹹甜香酥的味道，真的是我目前吃過，最好吃的鳳黃酥了！！而且它跟我在2007年吃過到現在，還是保持在我心裡No.1的地位，品質完全沒有跑掉哦


蛋黃酥NT.162(6入)
() 

因為愛吃鹹蛋黃所以又拿了盒蛋黃酥，外皮吃起來柔軟，棗泥的部份不死甜，整體味道也不錯


過年期間小姑去了一趟小潘，人潮多到還要排隊等候入場因為千層蛋糕被掃光了，所以讓小潘挑選看來不錯吃的蛋糕，我再跟她對半分
 

下列這二款我就不是很清楚名稱，至於售價印象中二款是NT.100 和 NT.120


海綿蛋糕吃起來吃起來柔軟，充滿了蛋香，單純的食材吃起來就很美味
 

這款是有添加葡萄乾的蛋糕
 

這款吃起來就明顯感覺得到甜味，但是吃多了也不會覺得膩口口感一樣鬆軟但更為細緻，二款蛋糕都很好吃，而且價格又便宜
 


延伸閱讀：



【新北市 板橋】可口鳳梨酥 ＠ 小潘蛋糕






小潘蛋糕坊

地址：新北市板橋區中正路135巷11之1號電話：02-2969-2803

地址：新北市板橋區和平路51號電話：02-2963-8879




,2754,小潘蛋糕坊/板橋/新北市/鳳梨酥/鳳黃酥/,
台南美食推薦 ▎小豪洲沙茶爐 ＠ 招牌沙茶醬真的很好吃,2900,569,0.196206896552,meiko1101,╠ 台南 美食推薦,18,這次南下雖然是放空之旅，不過肚子總是會餓的google了一下著名的在地美食，這間小豪洲沙茶爐剛好距離台南晶英不算太遠步行就會到的距離，連車子也不用開，於是就決定試試這沙茶爐啦


這豪洲在建築物的二側都有招牌，我們從另一頭巷口進來看到另一個沒亮的招牌還以為遇到他們公休，還好很不死心的多走幾步路到正門口才沒有錯過
 

延路步行過來時經過的餐廳，還真的沒有一間人潮這麼多的，才六點出頭就客滿了
 

在牆上貼著肉品的屠宰證明，以及豬肉／牛肉的份數大小，就算是人少也可以吃火鍋啦～


小豪洲的menu，台南的物價果然是便宜許多啊，自行畫好後再交給服務人員


點好後沒多久，這一人份的牛肉鍋底就送上來啦
 

小豪洲的靈魂人物就是他們家的沙茶醬啦，味道非常的香，而且一點油膩的感覺都沒有
 

再自行到後方調製成個人喜歡的味道啦


 

一人份的牛肉鍋，除了肉片之外，還有豆腐、魚丸、魚餃、甜不辣、蕃茄等等
 

先把配料都丟入鍋內熬湯之後再來涮牛肉
 

台南人很幸福的一件事情就是都可以吃到溫體牛口感軟嫩鮮甜，尤其是搭配上靈魂人物沙茶醬，好美味啊


鍋底也包含了一份高麗菜，不過看它感覺就是清湯的樣子，其實裡頭有非常多的油蔥酥和小蝦米就算是沒有沾醬單吃火鍋料，每樣食材都還是非常的有味道哦


綜合菇（杏鮑菇和袖珍菇）NT.55
 

魚丸、魚餃、魚卷NT.70
 

魚冊NT.45
南台灣比較常見的魚冊口感還不錯
 

茼蒿NT.70
 

如果覺得沙茶醬吃不過癮，還可以買大罐的回家繼續吃啦~~~
 




小豪洲沙茶爐 ▎官網

本店：台南市中西區中正路138巷11號電話：06-224-0031 營業時間：10:00~23:30
分店：台南市中西區中山路162號( 新光三越中山店B2美食街 )電話：06-228-1191營業時間：11:00~22:00
 旗艦店：台南市中西區中山路111號電話：06-220-5777


,2165,台南/沙茶醬/火鍋/小豪洲/,
淡水八里美食推薦  ▎福州兩相好、許家花枝燒、姊姐雙胞胎、出名紅龜粿,6479,827,0.127643154808,meiko1101,╚ 台北。小吃。宵夜。零食,37,總覺得淡水對我來說有點太遙遠，所以淡水、八里也是我比較少去的地方之一前一陣子剛好去了八里二次，一口氣把渡般頭附近的美食一網打擊


八里出名的美味小吃非雙胞胎莫屬，以前都是買「姊姐雙胞胎」這天才發現這間「福州兩相好」的生意也是好的大排長龍呢！！


雙胞胎另一別稱就是兩相好，二間競爭對手名字硬是要給它不一樣
 

還有芋泥餅、芒果餅、酸菜包和海鮮包等產品


它們家的麻花捲也是人氣商品之一
 

海鮮包的味道還算不錯


兩相好（雙胞胎）吃起來的口感彈性還不錯


這是在現場讓我等了十幾分鐘的芋泥捲，沒辦法，誰叫我真的很愛吃芋泥它一整個是大方的手脂的三份倍粗吧
 

裡頭滿滿的芋泥，香濃好吃


本來不看好的酸菜包，沒想到微酸的酸菜搭配上這彈性十足的麵糰還挺美味的哦
 

八里的另一個人氣店家「許家花枝燒」
 

為了排這間許家花枝燒也花了我們20分鐘左右，生意真的超好
 



 

有個大姆脂標示的當然就是人氣商品，每樣都給它來一份


調味料還可以選擇胡椒、辣椒、沙拉醬、柴魚片、海苔粉和哇沙米等口味


招牌花枝燒NT.150(大)
每一塊花枝都非常的大，份量實在，外層炸的香酥不油膩、花枝又Q又脆，好好吃哦


香酥魷魚腳NT.100(小)
魷魚腳的口感則是富有咬勁


鮮嫩鮮魚酥NT.150(大)
魚類有二種，一個是魴魚，另一個忘了&gt;///&lt;，我們直接選擇綜合口味二種魚肉都很好吃，大推薦
 

百花油條NT.80(一條)
在油條灌滿魚漿再下鍋油炸，外層酥脆、裡頭則是富有彈性，也不錯吃


第二次來到八里，我則是改買「姊妹雙胞胎」，一樣人潮眾多不過服務生也多，所以前進的速度很快，不過這裡的服務生比較沒耐心，態度比較不好
 

除了單買之外，還推出了1~5號不同組合的套餐
 

甜甜圈、奶酥卷


酸菜包、紅豆包


芋頭餅
餅乾酥脆，芋頭也不錯吃，不過餅乾會含油，小缺點!!


酸菜和紅豆的外觀都還挺像的


說是酸菜包，我覺得它比較像是醡菜，味道也出乎意料的不錯吃
 

紅豆粒粒飽滿，吃起來不死甜，味道也不錯哦
 

奶酥捲和甜甜圈
 

這裡頭真的包著奶酥，香香甜甜的味道好好吃哦！本來我們只買一條三個人分著吃，吃完之後我們立刻又回去再買個六條ＸＤ
 

在渡船頭附近逛完之後，我們來到義民廟對面的「八里出西紅龜粿」
 

它們的招牌當然就是紅龜粿啦
 

一共有五個不同的口味，我選擇招牌的花生和我最愛的芋頭二種口味
 

 

還好店家還有幫忙剪小塊的服務，不然我回家就頭痛了
 

外層的粿真的很Ｑ，口感不錯，可惜裡頭的芋泥不夠香
 

花生口味則是吃得到花生的顆粒，既香又有口感，還不錯吃
 


至於 福州兩相好 和 姊姐雙胞胎 二間到底哪間好吃呢我覺得它們很聽明的除了雙胞胎(兩相好)是相同的商品之外，其他的口味其實都不一樣福州兩相好的優點是口感很Q，姊妹雙胞胎則是鮮奶味很香，各有千秋


,3411,八里/淡水/渡船頭/雙胞胎/兩相好/,
台北日本料理推薦 ▎上引水產 (三井餐飲事業) ＠ 台北漁市,9862,1279,0.12968971811,meiko1101,╠ 台北。日本料理,37,因為不愛吃海鮮及生魚片，所以上引水產開幕到現在我還真是沒有多大的興趣前一陣子因為去台北漁市附近辦事，跟大方二個人就順道繞過來朝聖一下
 

從停車場出來之後就可以看到大大的上引水產招牌
 

從入口進去後，會有來到漁貨市場的感覺，一個個超大型水池裡頭都是滿滿的新鮮漁貨
 

 

經過大型水池之後，就像來到了超大型的漁貨超市，在超市裡頭還有二個餐廳一個是現點現做的「立吞美食」，吃的似乎是以生食居多，另一個「樂烹」則是熟食為主當天超市裡的這二個餐廳等候時間都要約半小時以上，所以我們選擇購買後到外頭找地方吃
 

帶大家來逛逛超大型的漁貨超市


生蠔區
 

鱈場蟹


各式新鮮魚貨
 

除了海鮮之外，還有許多進口食材，像是各式義大利麵條


日式調味醬料區


許多的日式酒精飲料＜＜未成年請勿飲料＞＞
 

雖然是上引「水產」，但這裡可是有看來品質超好的牛肉可以選擇


許許多多的新鮮水果
 

如果懶的自己切或是想要現吃，也有已經處理好的切片水果
 

各式果凍


連法國著名甜點馬卡龍都有


一整區的生魚片
 

各式不同的花壽司等


沒想到這裡還有販售健康便當哦，在這附近上班的人真是幸福啊




 

各式烤魚
 

還有米飯哦，還真是應有盡有


出了大型超市之後，這一區則是吃燒烤的「備長炭烤」飲食區


這裡則是吃高檔海鮮火鍋的「煮海」
 

顧客在從頭買完餐點後出來這一區站著吃，或是繞到煮海的後方有戶外的座位區可以坐著吃
 

我們選天購買的餐點
 

特選綜合壽司NT.520
 

花壽司NT.280
花壽司一共有八個，味道是不錯，但沒有太驚艷加上裡頭的魚肉並不多，我是覺得有點太貴
 

南方黑鮪魚、紅甘生魚片NT.230
感覺還是吃生魚片划算許多


牛肉可樂餅NT.60
因為我能吃的不多，所以結帳前又多點了個可樂餅




吃的時候可惜已經冷了，從斷面可以清楚看得出來牛肉的比例很小，幾乎都是洋芋


網路上很多人激推的紅豆湯，我覺得有點太甜
 

水果切盤NT.60
 

在超市裡頭亂買的各式日本茶，右上的豆茶和左上黃色的薑茶，這二款我覺得很好喝哦



上引水產 ▎ 官網
地址：台北市民族東路410巷2弄18號電話：02-2508-1268營業時間：週一至週日 06:00~24:00

,2648,上引水產/日本料理/生魚片/立吞/火鍋/壽司/台北漁市/,
嘉義必吃美食 ▎樂檸漢堡 ＠ 台南國道新營門市,3413,559,0.16378552593,meiko1101,╠ 嘉義 美食推薦,12,嘉義一直是我很少到訪的一個縣市只有幾次因為要上阿里山所以才會特地在嘉義市區多留幾天不過近年來嘉義美食發展的非常快速，特色美食、老宅咖啡廳越來越多間尤其這間樂檸漢堡可以號稱嘉義之光了吧在約六年前幾位年輕人在嘉義創立的樂檸漢堡，除了在嘉義站穩腳步之外也開始在中、南部拓點，我們這天則是誤打誤撞的來到了位於台南國道新營門市到底何時才會來到台北開店啊(吶喊~~~~)


樂檸新營門市是位於國道的新營休息站裡頭，這天我們來到休息站本來只是下來休息一下看到了這樂檸漢堡後立刻決定吃個漢堡再走
 

點餐方式跟速食漢堡店一樣，自行再櫃台排隊點餐
 

樂檸漢堡的menu
 

樂檸漢堡有個非常有趣的優惠，就是只要是穿著短褲前來就可以享用一些特殊的優惠折扣哦很可惜當天我們二個人都是穿長褲
 

一杯咖啡只要NT.10，當然是立刻加價啦XD
 

我們當天選擇的培蘑大俠牛堡餐，另外加點了一份雞塊
 

加價10元的咖啡，只能說C/P值真的超高因為套餐只能選擇汽水類的飲料，所以我加價選擇了鮮奶抹茶拉提可惜味道太甜了，我只喝了半杯左右就喝不下了


炸的酥脆可口的雞塊，味道不錯


附餐的薯條也是炸的酥脆可口，而且一點都不會覺得油膩，非常的涮嘴


這是服務生推薦人氣很高的培蘑大俠牛堡，它份量大到跟大方的臉差不多高哦XDD


所有的餐點都是現點現做，雖然需要花時間等候不過當你收到這熱騰騰的餐點之後，你會覺得這一切的等待都是值得的樂檸的食材都是非常嚴格挑選選擇100%澳洲進口牛肉，連麵包都是自行製作的天然酵母麵包加上大量新鮮的蔬食，為的就是讓顧客享受美味之外也吃得健康與心安天然酵母麵包吃起來的口感很好，大量的鮮蔬吃起來青脆爽口且多汁牛肉漢堡排吃起來肥瘦適中、肉汁鮮味美味，但又不會覺得油膩，真的非常的好吃何時才要來到台北展店啊~~~
 




樂檸分店資訊請見官網：http://blog.thefreen.com/p/blog-page_15.html


樂檸漢堡 ＠ 台南國道新營門市
地址：台南市後壁區竹新里新厝 72 號（國道一號中山高北上新營服務區）電話：06-632-2941營業時間：10:00~21:00(供餐至20:30)



,2492,台南/嘉義/漢堡/美式漢堡/樂檸漢堡/國道/新營/休息站/,
宜蘭美食推薦 ▎紅心芭樂奶凍捲 ＠ 饗宴鐵板燒,4442,1009,0.227149932463,meiko1101,╠ 宜蘭 美食推薦,6,第一次吃饗宴鐵板燒已經是2007年的事了至今經過了八年，我們還是會抽空特地到宜蘭羅東，吃吃這一路走來品質始終如一的饗宴鐵板燒
這一陣子它們推出了這新口味紅心芭樂奶凍捲，特地宅配了二條給我們品嚐，真的是萬分感謝啊~
 

以鐵板燒聞名的饗宴真的是越來越專業了，除了本身的餐點維持水準之外現在周邊商品也已經可以獨當一面囉
 

紙盒打開後，奶凍捲還有一層塑膠模保護著，冰在冰箱裡也不太需要擔心水份會流失
 

雪白色的外表看起來就可口極了，加上粉嫩的粉紅色，還真是深得我心啊~~不過一開始我還真猜不透這粉紅色的奶凍到底是什麼口味
 

一試之後我們立刻了解這粉紅色的意義了！有去過饗宴的顧客有可能都會吃過程主廚自家栽種的紅心芭樂沒想到它們現在居然把它研發成了奶凍捲！！
 

鬆軟的蛋糕體、香甜的奶凍和香氣十足的紅心芭樂內餡，這樣的組合保證外頭是吃不到的我們有幸能夠得到二條，真的是太感動了，也喚醒了我們又想去饗宴報到的慾望了
 




饗宴的餐點和甜點常會依著季節變化，每次去吃到的食材都不見得相同不見得一定吃得到這紅心芭樂奶凍捲哦！！

延伸閱讀：

【宜蘭】饗宴鐵板燒 XO醬手工月餅、鳳梨酥

【宜蘭 羅東】N訪好幾次的美味．饗宴互動式鐵板燒

【宜蘭 羅東】饗宴鐵板燒。再訪

【宜蘭 羅東】N訪 饗宴 鐵板燒



【宜蘭 羅東】饗宴 西餐鐵板燒。初訪





饗宴鐵板燒

TEL：-039-657-998ADD：宜蘭縣羅東鎮河濱路326號


,1751,宜蘭/羅東/鐵板燒/饗宴/,
台南美食 ▎ROBIN's 牛排館鐵板燒 ＠ 台南晶英酒店,6539,493,0.0753937910996,meiko1101,╠ 台南 美食推薦,25,每年的生日、情人節或是周年紀念日時，我們總是習慣找間牛排館來慶祝一下平常捨不得花錢吃一頓大餐，在這些特別的節日時就有奢侈的理由啦！
之前在找牛排館時，好友就曾經跟我推薦過ROBIN's 牛排館鐵板燒一直沒有行動的原因是我們吃慣牛排教父，常常會擔心吃不習慣其他牛排館料理方式二來是我實在搞不懂這間ROBIN's 到底是牛排館還是鐵板燒，所以我也就一直抱著觀望的態度直到這次南下來住台南晶英，才終於過來一探虛實


ROBIN's 其實就是間牛排館，也是間鐵板燒，全看顧客想要哪一種料理的方式而我們這天選擇的則是牛排館的部份，裡頭的空間既寬敞又舒適每一組桌椅間的動距也不會太過於擁擠，坐在這裡用餐的感覺非常的放鬆（感謝台南晶英邀請）


牛排館最大的特色是它有一個華麗的沙拉吧可以無限享用有許多不同種類的生菜沙拉、還有燻鮭魚等美味前菜，料好味美，大家可千萬要有自制力啊不然等一下的牛排可是會吃不下的啦～～～
 

還有許多時令新鮮水果
 

居然還有提供H&auml;agen-Dazs的冰淇淋，真的是太感人啦～！
 

Robin's Grill 晚間套餐的menu


提供汽泡水和非汽泡水二種，汽泡水的部份提供的是S.Pellegrino聖沛黎洛礦泉水
 

因為擔心吃太多，所以沙拉吧我們只簡單的拿些生菜來營養鈞衡一下
 

龍蝦濃湯
這是大方選的龍蝦濃湯，喝起來龍蝦味頗重，味道也算鮮美，不過我本身就不愛海鮮湯


奶油蘑菇湯
蘑菇湯喝起來香甜濃郁、口感絲滑，味道跟教父牛排的招牌卡布奇諾蘑菇湯比起來一點也不遜色
 

在喝湯的同時送上烤的香酥、熱騰騰的大蒜麵包可以單吃也可以搭配濃湯一起享用
 

在我們的湯品喝完之後，沒想到服務人員送上一組的Laguiole牛排刀讓我們自行挑選一支喜歡的刀柄，還挺有創意的
 

我們二個選擇了一深一淺的Laguiole牛排刀，這刀子應該還很新，因為還聞得到刀柄木頭的香氣哦
 

頂級菲力牛排NT.1980


因為第一次過來所以這天我先選擇5分熟，先不要吃太生最外層看起來似乎都已經熟了，但看剖面就知道火候掌控的非常的好牛排的吃起來還是非常的軟嫩多汁，味道很棒


老饕助眼上選牛排NT.3500


本來以為我的菲力就已經夠美味的了，沒想到這老饕牛排吃起來味道更棒
 

老饕牛排即是肋眼牛肉的上蓋肉，也可以說是肋眼牛肉裡最精華的部份因為紋路較多、油脂均勻，所以外層煎的比較焦一點，吃起來口感軟嫩又帶有焦香和咬勁，真的好好吃


在享用牛排的同時服務生又送上三種不同的牛排沾醬，感覺比牛仔還忙
 

最後頭是羊排才需要的薄荷醬，前方則是黃芥茉和芥茉子醬
 

當天的主廚蛋糕是莓果慕絲，這酸甜的滋味還挺適合在吃完牛排之後享用的
 

提拉米蘇
口感絲滑，味道苦甜的提拉米蘇搭配咖啡美味極了


當天還送上可麗露和瑪德蓮二種蛋糕可以搭配飲料


大方選擇美式咖啡
 

我因為擔心太晚喝咖啡會睡不著所以選擇茶飲沒想到服務生還會詢問是否要選擇無咖啡因的，還真是貼心！所以我最後選擇無咖啡因的洋甘菊茶，喝起來香氣十足，味道還挺不錯
 


之前有一陣子吃了幾間牛排館都很不合我們的胃口，所以後來索性都直接選擇鄧有癸的餐廳直到最近試了幾間不同的牛排館都還挺美味，推薦給一樣愛吃牛排的人


台南晶英酒店 ▎官網Facebook
地址：台南市中西區和意路1號電話：06-213-6290


,3887,台南/晶英酒店/台南晶英/晶華酒店/robins/牛排館/菲力牛排/老饕牛排/,
台南美食 ▎超好喝的鳳梨冰茶 ！凰商號 ＠ 大菜市(西市場),5944,1262,0.212314939435,meiko1101,╠ 台南 美食推薦,15,因為愛吃甜點所以對於甜點的訊息總是會特別留意而這間吸引我的除了鳳梨冰茶的照片之外，我一直以為它有賣鳳梨酥，到了現場之後才發現原來沒有沒想到我的閱讀障礙也太嚴重了吧～～(*&acute;Д`)つ))&acute;&forall;`)


大菜市之前來過幾次，之前裡頭都是在地有名的小吃老店，像是阿瑞意麵、川記肉圓沒想到這趟下來發現這裡開了很多新的甜點店，像是純薏仁和杏本善等等不過當天居然只有這間凰商號營業(｡ŏ_ŏ)
 





我的閱讀障礙還不只是以為它有鳳梨酥這一項而已，我還以為它是「鳳商號」也是到了現場才知道我看錯它的店名了～～
 



 





 

 

凰商號的menu
沒想到它們除了鳳梨的商品之外，還有吐司、貝果和手工餅乾等等


紐約起士NT.40
這起士蛋糕的份量其實不大，不到一個手掌的大小以前比較常見的起士蛋糕最下層是消化餅，而這裡的起士蛋糕則是在蛋糕外層一圈店家自製的餅乾最上層也是店家自製的卡士達醬，吃起來香甜不膩，搭配下面的起士蛋糕，當下覺得這份量吃不過癮啦
 

鳳梨冰茶+地瓜蛋糕NT.80
不曉得有沒有人覺得我的價格打錯，是不是少打一個1在前面但是我真的沒打錯，這冰茶加下圖的蛋糕真的真的只要80元，在北部應該看不到這個價格！
每次到了南台灣，平常不喝冰飲的我總是會破功，因為南部真的太熱啦這冰茶喝起來微酸微甜，喝起來既消暑又適合搭配蛋糕


地瓜蛋糕
以前我不太吃地瓜和馬鈴薯之類的食品，因為擔心吃澱粉怕胖直到最近才了解原來地瓜其實是屬於健康的碳水化合物，比起我最愛的蛋糕地瓜可是健康許多地瓜吃起來微甜，但感覺得出來是地瓜本身的甜味，外表看來檏實但是味道還不差哦





凰商號 ▎ Facebook
地址：台南市中西區國華街三段16巷12號電話：06-223-2498營業時間：11:00~21:00


台南美食延伸閱讀：【台南】陳家蚵捲【台南】度小月擔仔麵【台南】阿輝 炒鱔魚 (西門圓環店)【台南】台南人的早餐 ＠ 阿憨鹹粥【台南】台南也有芒果牛奶冰 ＠ 裕成水果店【台南】巷弄裡的好滋味 ＠ 雙全紅茶【台南】聞名全台，僅此一家的勝利早點【台南】好吃的溫體牛肉 ＠ 旗哥牛肉湯
【台南】阿明豬心　冬粉
【台南】川記 蝦仁肉圓 芋粿 ＠ 西市場【台南】府城小吃巡禮 part 1（武廟蔡碗粿 、兩角銀冬瓜茶、洪芋頭擔仔麵）【台南】府城小吃巡禮 part 2（富盛號碗粿 、懷舊小棧杏仁豆腐冰、福記肉圓）【台南】府城小吃巡禮 part 3（莉莉水果店 、古早味豆花、連得堂餅家）【台南】花園夜市（二師兄滷味、阿美芭樂）【台南】有著好吃義大利麵的珈琲是實【台南】驚艷全台的千層蛋糕只在 深藍咖啡館【台南】a Room 房間 老房子咖啡館【台南】超可愛復古風的Bakku



,3140,台南/西市場/大菜市/鳳梨/,
台南美食 ▎好吃的咖啡豆造型鬆餅。林珈琲 Hayhshi cafe ＠ 林百貨,3626,680,0.187534473249,meiko1101,╠ 台南 美食推薦,12,雖然這次的台南行我們幾乎都待在飯店裡頭沒啥出門但還是有利用了一下吃飽飯的時間來到著名的林百貨散步兼朝聖一下不過才走沒幾步路的我們，逛到了林百貨裡頭的這間林珈琲 就還是又坐下吃東西啦一整個是肥豬上身吧我們(๑&bull; . &bull;๑)


林百貨是由一間歷史悠久的百貨公司改裝而成，據今好像已經有80幾年的歷史了至於裡頭則是都販售一些文創商品之類的


 

這外型我一開始還以為是普洱茶，後來才發現它是壓花玻璃杯墊（如圖後方）


我有認真的考量要買這二個碗回來，不過實在是怕被大方打


環保餐具的袋子打開後裡頭是超可愛的台灣小吃
 

林珈琲位於林百貨裡的四樓，自行找座位後然後到吧台點餐，服務人員會再把餐點送上來
 

雖然已經是農曆春節假期後的第一天上班日，不過這裡的人潮還是很多


林珈琲的menu，每人低消一杯飲料或是一份餐點，沒有收取服務費
 

原味鬆餅NT.160(套餐)／NT.100(單點)
其實我就是為了這鬆餅來的！之前在雜誌上看到它可愛的造型給吸引那時就打定主意如果有來到林百貨，一定要來吃吃這可愛的鬆餅鬆餅的外型是咖啡豆的概念，最外層烤的微酥，口感吃起來扎實不管是沾果醬還是鮮奶油都非常的美味der，要不是才剛吃完中餐，不然我一定會再點一份來吃
 

畢竟南台灣的天氣比較炎熱，所以套餐飲料我選擇了洛神花茶冰涼又酸甜的味道立刻消暑又解渴
 

肯亞NT.180
愛喝單品咖啡的大方則是點了份肯亞，點單品咖啡還會附送一片比利時的蓮花餅乾
 





林珈琲 ▎ Facebook
地址：台南市中西區忠義路二段63號4樓電話：06-2216836營業時間：11:00~22:00




,1909,台南/林百貨/林珈琲/鬆餅/下午茶/咖啡/咖啡廳/,
台南美食 ▎片皮櫻桃鴨。晶英軒 ＠ 台南晶英酒店,7105,1004,0.141308937368,meiko1101,╠ 台南 美食推薦,25,前些時候因為公事、私事忙碌了好一段時間，特地利用春節假期南下渡假到了飯店也懶得出去人擠人，有一大半的時間全待在飯店裡放鬆看影片吃東西也幾乎都在飯店裡解決，其中一天中午來到晶英酒店裡頭的中菜料理晶英軒為了不讓蘭城晶英的烤鴨專美於前，在台南這裡也吃得到片皮櫻桃鴨囉
 

晶英軒位於台南晶英酒店的2樓，以黑色的窗格以及黑色的地板襯托出中式餐廳的氣勢
(感謝台南晶英邀請)
 

坐位區則是以金色的牆面以及竹製座椅，營造出中式料理的氛圍
 

晶英軒裡頭有著大小不同的包廂，不管是要宴客聚會還是想要點隱密性都有許多的場地可以提供給顧客不同的需求


晶英軒的烤鴨menu大家應該都知道，吃中式料理通常要人多比較好點菜，吃到的菜色也會比較豐富但難道說人少的話就沒辦法吃中菜嗎?! 晶英軒很貼心的推出3-8人不同選擇的套餐人數不多也想要吃烤鴨的時候，來到這裡就對啦
 

這一張是片皮櫻桃鴨的單點menu，從櫻桃鴨三吃~七吃，有四種不同的選擇


因為我和大方太久沒吃烤鴨了，所以很貪心的選擇了櫻桃鴨七吃，決定一次給它吃個過癮這個七吃的套餐就是將櫻桃鴨做成七道不同的料理我們一行四人，吃到後來很多都打包帶走，建議六個人吃份量會比較剛好
 

點好餐點之後沒多久，師傅就會過來桌邊幫我們片鴨啦~~~


搭配的蔥白、小黃瓜和甜麵醬
 

晶英軒特製的餅皮
 

師傅在片鴨的時候可以聽到鴨皮非常酥脆「刷刷刷」的聲音，加上鴨肉的香味，我們可是口水直流啊（不知道為何，我一直覺得師傅長得很像吳念貞的兒子(&acute;⊙&omega;⊙`)）


服務人員會把所有的料理都分配的好好的，大家只需要盡情的聊天和吃東西就好啦


 

餅皮本身有一定的厚度，因此可以充份的吸收鴨油和甜麵醬，但口感還是不失咬勁鴨皮吃起來非常的酥脆、鴨肉的油脂豐厚多汁，加上味道鮮明的蔥段提味、爽口的小黃瓜這裡的烤鴨好吃美味的程度，絕對可以稱得上全台最好吃的烤鴨前三名啦～
 

生菜片鴨崧
 

因為我不太喜歡吃海鮮，但是唯獨蝦鬆是我每次吃海產店時最期待的料理在這裡則是以鴨肉取代海鮮，而味道更為富豐美味
 

絲瓜鴨絲關廟麵


關廟本來就是台南的特色美食，沒想到麵條吃吸收了鴨汁之後更是別具風味最特別的是加入了鮮甜多汁的絲瓜之後不但完全不衝突，還更有畫龍點晴的效果
 

烤鴨肉燥飯
 

一樣是台南有名的肉燥飯，加上小黃瓜和香氣之後更是有台南米糕的影子米飯吃起來帶有黏性但又不會太過於軟爛，這似乎是台南特有的特色鴨肉的肥瘦比例適中、吃起來QQ的不會過於油膩，又香又好吃
 

茴香根鴨汁小籠包
 

沒想到鴨肉也可以跟小籠包做結合吧！因為加入了茴香在裡頭所以吃得到淡淡的孜然香味小籠包裡頭充滿了鴨汁，在吃的時候要小心爆汁，吃下之後鴨汁濃郁的味道在嘴裡久久不散


薑蔥炒鴨架
吃烤鴨時很多人都喜歡這重口味的炒鴨架，不過很容易遇到只剩下骨頭，沒啥肉的鴨架當然有的人就是喜歡啃骨頭、吸肉汁從照片上明顯的可以看到鴨骨頭上頭的肉質還是很厚，而且炒的味道夠重不管是喜歡吃肉、還是偏愛啃骨頭的人，都非常的適合
 

白菜蛤蜊鴨骨湯
 

湯頭裡有非常多的白菜、菇類和蛤蜊，所以喝起來超級清甜鴨肉的肉質並沒有老掉，反而還吸收了湯頭的日月精華XD吃完重口味的鴨之後，來上一碗白菜蛤蜊湯真的是非常的享受
 


晶華酒店集團的料理，餐飲當然會擁有一定的水準比較特別的地方是晶英軒還會融入當地的特色食材下去做料理的變化不但堅固美味、也能了解及享受到在地的飲食特色文化





台南晶英酒店 ▎官網 Facebook
地址：台南市中西區和意路1號電話：06-213-6290



,4293,台南/櫻桃鴨/小吃/晶英酒店/晶華酒店/飯店/新天地/,
鄧有癸2015年最新力作 ▎TC Top Cap Steakhouse by Danny ＠ 信義新光三越A4館,24279,1535,0.063223361753,meiko1101,╠ 台北。美式料理,33,新開幕！新開幕！新開幕！ 　　因為很重要，所以說三次！

認識meiko和大方的人就知道，我們二個人都超愛鄧有癸的牛排原因無它，因為吃過鄧有癸的牛排之後就回不去了&sigma;`&forall;&acute;)&sigma;！！
當我在2/17馬年的最後一天上班日發現這間Top Cap Steakhouse在同天開幕的消息之後立刻打電話訂位，很幸運的讓我順利在大年初一就吃到，這根本就是跟搶到頭香一樣開心啦(*&acute;&forall;`)~&hearts;～～


Top Cap Steakhouse by Danny 位於信義新天地A4館的5樓這一棟現在越來越多美食餐廳進駐，對於在信義區上班的我來說真是一大福音
 

 

Top Cap Steakhouse有一個幾乎是全開放式的廚房讓顧客可以一目了然的看到每位師傅認真的製作我們的料理
 

肉！肉！肉！


 



可能是因為訂位的早，我們這天坐在這一區的高背沙發區坐在這裡用餐感覺非常的寬敞舒適，一點也不會覺得擁擠


Top Cap Steakhouse 的menu
鄧有癸的每一間餐廳都是以牛排為主打，但還是會有一些不同之處像是這裡最特別的就是中間steaks區，右下角的那一格框框裡就是鄧有癸最新引進紐約曼哈頓風格的28天乾濕式熟成紅屋牛排不過可惜的是我們用餐的當天因為牛排比較大份，所以只提供給3人份我跟大方2個人只能望之興嘆啊~~~~


水資一人NT.60，我們選擇喜歡的汽泡水


熱呼呼的餐前麵包，後方搭配的是奶油和海鹽麵包外層酥脆、內層則是軟而有嚼勁，因為太好吃了我們忍不住又續了一份


東京風味蟹餅
外層炸的酥脆，裡頭則是美味好吃的蟹肉，這道前菜可以說是鄧有癸的招牌前菜
 

香烤蘆筍
這是好友點的前菜，看起來也還挺美味的樣子
 

香煎干貝
跟蟹餅一樣，這干貝也是我必點的前菜，干貝彈牙鮮美，下頭的玉米味甜多汁，超級好吃
 

法式洋蔥湯
好友點的洋蔥湯，據表示味道不錯
 

牛肝菌卡布其諾
這超好喝！這超好喝！這超好喝！
上層是香濃的奶泡，下層則是濃郁的牛肝菌濃湯，要喝的時候先用湯匙把奶泡和濃湯攪拌均勻口感喝起來絲滑、味道濃郁的牛肝菌，這是我們來幾次、就會點幾次的濃湯，真的是超好喝
 

當這沾醬送上來之後就知道等會我們的牛排就會送上來啦依序是芥茉鹽、海鹽和芥苿子醬
 


配菜跟主餐會一起送上來，不過我先來介紹一下配茶的部份


炸洋蔥圈
之前沒有吃過它們家的炸洋蔥圈，這送上來每一個洋蔥都肥肥胖胖的樣子可愛極了後方還附有塔塔醬可以搭配，不過我喜歡單吃洋蔥的鮮甜
 

友人點的蘿勒炒蘑菇，因為我實在是吃太飽了所以沒有嚐試
 

焦糖紅蘿蔔
單純覺得這名字很酷、而且想要來點纖維質所以點了份紅蘿蔔，雖然說我平常是不吃紅蘿蔔的◑&omega;◐因為外層焦糖的關係，吃起來味道就甜甜的，幾乎都把紅蘿蔔本身的菜味給蓋住了不敢吃紅蘿蔔絕對可以試試這樣的料理方式
 

烤馬鈴薯
馬鈴薯裡頭還有起士，所以吃起來會牽絲，上層則是培根粒雖然感覺這一顆吃下去之後當天的熱量一定會爆表，但還是忍不住的一口接著一口
 

友人的美國頂級肋眼菲力牛排NT.980 (6oz)
 

香烤伊比利豬排NT.1850
前一陣子才剛開放進口的伊比利豬，這裡也吃得到，不過友人表示還是牛排好吃(&acute;≖◞౪◟≖)
 

美國頂級助眼牛排兩人份 (16oz) NT.1650 / 1人
 

照慣例我們一樣選擇3分熟，最外層是焦香的口感，把肉汁完美的鎖在裡頭所以吃起來肉汁甜美、肉質軟嫩，搭配上全台第一的美味蒜頭，真的是無敵好吃、全台第一名的美味！吃完之後覺得羊年我絕對會行大運啦(灬&ordm;&omega;&ordm;灬)
 

飯後我們選擇熱美式和熱紅茶
 

這天的甜點選擇有五款，這一道是布朗尼espresso 甜點送上來之後會再淋上熱的espresso
 

二條焦糖香蕉的下方是一塊布朗尼，前方是香草冰淇淋比較可惜的是吃到最後，因為布朗尼泡在水裡太久所以口感變得不好
 

紐約起士蛋糕
 

沒想到這裡居然也提供了舒芙蕾，當然要點來試一試，不過光看外觀就覺得長得不太一樣咧
 

舒芙蕾本身的蛋香還挺濃郁的，不過最上層的口感我覺得略嫌焦了點裡層的濕潤度還不錯，不過沾醬本身的味道我也不太喜歡
 

餐後都會送上搭配飲品的小甜點


我們這天一行四人的消費
 



Top Cap Steakhouse ▎Facebook
地址：台北市信義區松高路19號5樓電話：02-2345-9922


延伸閱讀：

台北好吃牛排推薦 ▎雅室牛排。老字號餐廳果然名不虛傳

台北 ▎西華飯店 TOSCANA 乾式熟成牛排 ＠ 慶祝生日的好地方

好吃牛排推薦 ▎鄧有癸最新力作 Danny's WhatsGreen &amp; WhatsGrill ＠ 內湖洲子街

板橋牛排推薦 ▏特香齋西餐廳 ＠ 捷運府中站

【台北 大直】教父牛排 Danny's Steakhouse

【台北 大直】Danny &amp; Company Bistro

【台北 大直】No&deg; 168 Prime 牛排館。維多利亞酒店

【台北 中山】A Cut 牛排。國賓飯店

【台北 大安】Danny &amp; Company 。 牛排教父 鄧有癸 親自領軍






,5562,大直/內湖/國賓大飯店/維多利亞酒店/168/A CUT/鄧有癸/牛排/乾式熟成/紐約/信義區/信義新天地/新光三越百貨/,
台中美食 ▎嘉味軒。讓蕭家淇暴走的超美味太陽餅,3612,377,0.104374307863,meiko1101,╠ 台中 美食推薦,13,話說前一陣子的太陽花學運事件，除了幾位著名的學運成員之外最讓大家在茶餘飯後閒聊的話題莫屬於讓蕭家淇暴走的台中太陽餅和屏東乳酪蛋糕了


前一陣子大方去了一趟台中，我特地指定他幫我買這個太陽餅回來嘉味軒位於巷弄內，並不是在熱鬧的大路上，不過還是有許多人慕名而來
 

這間嘉味軒創立於1983年，也曾獲得台中十大伴手禮但沒想到讓它一炮而紅的契機居然是因為蕭家淇在電視上跳針強調從台中帶上來的太陽餅被吃掉了
 

門口有許多可愛的小熊公仔，第一個似乎是前台中市長胡志強的公仔


這天是平日，雖然不似網路上大排長龍的樣子，不過顧客還是挺多的
 

店裡的裝潢非常的傳統
 

鮮奶太陽餅10入 NT.300


有別於一般常見太陽餅都是統一裝在塑膠袋裡頭，這一盒十入的太陽餅每一個都是單包裝也許有的人會覺得比較不環保，但是卻比較新鮮衛生及方便保存


 

這太陽餅感覺比較「澎皮」，而且比起一般的太陽餅，它的外層比較不會掉屑


 

仔細品嚐之後發現，它們的餅皮最外一層帶點酥酥的口感咬下去之後可以感覺到它其實還帶有彈性
 

裡頭的麥芽有一定的厚度，感覺得出來是真材實料，甜而不膩且不黏牙加上餅皮濃郁的奶香，真的可以說是目前吃過最好吃的太陽餅了！！連我跟大方也是一吃愛上，一盒10入，他一個人就吃掉8個，真是讓人欲罷不能！
 




嘉味軒 ▎Facebook官網

地址：台中市西區模範街12巷5號電話：04-2304-2180營業時間：09:30~22:30 (星期日公休)


延伸閱讀：

屏東潮洲 ▎心之和Cheese Cake ＠ 超難買之蕭家淇乳酪蛋糕



,1864,學運/太陽花學運/蕭家淇/台中/太陽餅/嘉味軒/,
板橋美食推薦 ▎現點現煮的裕民夜市紅豆湯圓 ＠ 食尚玩家「史上最強板橋美食」,4494,136,0.0302625723186,meiko1101,╚ 台北。小吃。宵夜。零食,11,我一直以為板橋就只有湳雅夜市，是之前看到食尚玩家的介紹才知道，原來板橋還有一個裕民夜市啊不過說實在的，它其實跟湳雅夜市、南機場夜市等等，那種攤販集合在一起的夜市比較不同板橋的裕民街上因為商家很多，吃的東西也多，所以稱為裕民街夜市


這間裕民街紅豆湯圓沒有店名，大家就都叫它裕民街紅豆湯圓，而且「僅此一家絕無分號」有網友表示還有別的紅豆湯圓攤販，請認清這間在7-11附近的裕民街紅豆湯圓
 

有紅豆、花生湯頭和燒仙草可以選擇，都可以選擇四種配料
 

大家有沒有發現這些配料都是生的！這就是這裡最特別的地方，所有的配料都是現點現煮的哦
 

除了一般常見的芋圓、地瓜圓、涼圓之類的配料，這裡最特別的就是這黃色的地瓜芋頭圓
 

選擇好配料之後就才會開始煮，所以必需要花一點時間等候哦
 

第一次點的時候我就選擇綜合的，也就是花生和紅豆都有啦每顆紅豆的外殼都非常的完整且飽滿，和花生吃起來都是綿綿鬆鬆的口感，而且湯頭不會過於甜膩味道還真的是不錯
 

第一次選擇的地瓜圓和山藥圓和涼圓
 

還有芋圓一共四樣，這裡配料的彈性都非常的好，又Q又好吃
 

因為第一次不曉得要點這超神奇地瓜芋泥圓，所以我又再來了一次這次特地選擇燒仙草，滑順的口感也還不錯吃
 

最外層是地瓜，裡頭則是包著芋泥，除了口感很有彈性之外，同時可以吃到地瓜和芋泥的香味口感和味道都是一級棒，超好吃der，大家千萬不要錯過這神奇的地瓜芋泥圓哦
 




裕民夜市紅豆湯圓
地址：220台灣新北市板橋裕民街126號營業時間：下午4點到晚上12點（無固定公休日）



,1918,板橋/夜市/裕民街夜市/燒仙草/紅豆湯/,
板橋美食推薦 ▎多畝田手工吐司 。 近湳雅夜市,7106,217,0.0305375738812,meiko1101,╚ 台北。小吃。宵夜。零食,13,話說板橋的美食真的是越來越多啦！尤其最近幾間離我們家的距離還算不遠，對我來說真是一大福音啊


這間 多畝田手工吐司 是前一陣子才開幕這天假日我在健走完畢後，特地繞來這間位於南雅南路上的手工吐司專賣店


它沒有過多的裝潢，像就是它賣的手工吐司一樣，強調單純、天然、不添加人工油


 

因為店裡單純只有賣吐司，沒有其實的烘焙麵包，所以裡頭都是這樣一包包的紙包裝著


因為是手工製作所以每次出爐的量有限，我去的時候只剩黑糖、雙乳酪和巧克力三種口味
 

店裡還有紅豆水，本來打算買一瓶來試試，可惜當天已經賣完了


它們家的麵包都是以牛皮紙包著，強調敢用紙包著代表它們家的麵包不出油
 

因為是每日現做，我帶回家的時候都還是熱的，所以吐司也沒有封口好幫助散熱
 

店家還會貼心的附上保存方式、食用方法的說明，以及透明的塑膠袋，放涼後睡前記得放在袋裡封好以現在的天氣常溫可以放置2-3天，沒吃後再放入冰箱即可
 

胖嘟嘟的吐司看起來好可愛啊
 

牛奶雙乳酪NT.160
麵包體本身超鬆軟，最外層則是帶有咬勁的口感搭配上黃、白二種不同種類的乳酪，味感和味道都超級豐富
 

黑糖吐司NT.110
因為黑糖是混在麵糰裡頭，所以顏色比較深，口感一樣很棒，但是帶有有黑糖濃郁的香味二款吐司我覺得都不錯吃，我都還挺喜歡的
 



多畝田手工吐司 ▎Facebook
地址：新北市南雅南路一段127號電話：02-2272-1127營業時間：10:40第一爐，17:30最後一爐(夏季會提早)公休日：星期六


,1797,板橋/南雅南路/湳雅夜市/吐司/麵包/烘焙/手工/,
永吉路30巷必吃美食 ▎建弘雞肉飯 ＠ 食尚玩家。天團私房好料大公開,3747,4,0.00106752068321,meiko1101,╠ 台北。中式料理,8,永吉路30巷其實離公司不遠，但我們其實常常懶得走到這裡來XD有時候難得過來這裡，吃得其實幾乎都是我們超愛的空軍涼麵
這天我和大方過來這裡覓食，本來也是要再吃空軍涼麵但遇到星期一公休剛好這建弘雞肉飯跟空軍涼麵就在同一條巷口的左右二邊於是就試試這間浩角翔起推薦的建弘雞肉飯


建弘雞肉飯似乎有三間分店，食尚玩家採訪的就是位於松隆路上的這間分店中午用餐時間不管是內用還是外帶的客人都很多，因為店裡頭客滿我們這天直接就坐在騎樓上的座位
 

招牌飯NT.50


來到建弘雞肉飯的人一定要來上一碗的招牌飯，這招牌飯是滷肉加上雞肉滷肉切的小塊，所以看起來似乎像是醬瓜、又像是肥肉，但是吃起來又Q又香吃在嘴裡有很黏的口感，似乎是膠質很多的感覺！平常吃雞肉飯的時候就怕吃到乾澀的口感，因為搭配上滷肉的關係，剛好平衡掉二者的口感既特別又美味，不虧是這裡的招牌飯，果然名不虛傳而且這招牌飯的份量不小，我們二個人點二碗，居然是吃不完的哦！真是經濟實惠啊
 

招牌飯的一旁還有搭配酸菜，既爽口又下飯
 

燙青菜NT.40
青菜吃起來青脆，淋上鹹香的醬油膏，味道不錯


嘴邊肉
嘴嘴肉的口感既Ｑ又有咬勁，搭配香辣的蒜蓉醬和薑絲，美味破表
 

下水湯NT.50
這下水湯裡頭的配料超多，用料實在又美味
 





建弘雞肉飯
地址：台北市信義區松隆路72號電話：02-2763-0608



延伸閱讀：

【台北 信義區】夏天必吃。空軍涼麵



,1731,東區/食尚玩家/建弘雞肉飯/滷肉飯/雞肉飯/永吉路30巷/,
中正區美食 ▎蔡萬興老店 ＠ 捷運古亭站 (再訪),6543,24,0.00366804218249,meiko1101,╠ 台北。中式料理,23,蔡萬興創立於1953年，至今已經62年的老店了，超多年前來吃過一次，那時對它們的印象還不錯這次是因為好友請客，地點選在好友公司附近，最後就決定在這間蔡萬興


蔡萬興位於中正區的福州街上，臨近捷運古亭站


蔡萬興的湯圓非常的有名，當天本來要再點碗酒釀湯圓來吃，但因為吃太飽了只好放棄


蔡萬興有一些功夫菜是需要預定才吃得到請客的友人在預約訂位的時候就把需要先預定的菜都預定好了，非常的盡地主之誼XD


放在一旁可以自取的涼拌小菜


蔡萬興的menu，右下角那區就是必須預約才吃得到的經典名菜




油爆蝦NT.950


在每一尾蝦子的背部都有劃上一刀，除了我們方便剝殼之外，腸泥也都有清乾淨！雖然它叫油爆蝦，但它的溫度其實是冷的，味道也偏甜，跟想像中的味道完全不同，非常值得一試


菜飯NT.40
吃江浙菜最出名的就是它們的菜飯啦因為我不喜歡過於軟爛的青菜，所以我其實不太喜歡吃菜飯，不過這菜飯的火候算是掌候的很好青江菜本身的脆度還算足，味道也沒有跑掉，白飯也不至於過於軟爛，是我還可以接受的程度


炒青菜NT.110


炒青菜NT.110


湖州肉粽NT.75
我覺得隨著時間的變化，每個人的飲食習慣多少都會有些改變像我以前完全不吃這種米飯軟爛、只包著一條五花肉的湖州粽，這幾年倒是喜歡嚐試一些不同的食物


雖然它外米粒軟爛，但是彈性很夠，加上豬肉的香味，雖然單純但是味道還算不錯


蟹黃豆腐煲NT.295
非常下飯的好菜！


紹興醉雞腿NT.390


醋溜魚片NT.295
魚片吃起來細緻，味道酸酸甜甜的還挺開胃


雪菜肉絲炒年糕NT.140
我超愛江淅菜的炒年糕了！尤其那Q彈的口感超吸引我的要不是因為熱量高不敢多吃，不然我可以一個人吃掉一整盤都沒問題咧


砂鍋大魚頭NT.1400


這一整鍋算是非常真材實料，裡頭的食材豐富，豆腐、白菜、冬粉和臘肉等等我們後來發現，其實只要點這一鍋，先吃吸飽湯汁、夠味又Q彈的冬粉然後再點白飯來配飯吃就足夠了，因為它實在是太好吃啦


蘇杭東坡肉NT.390 (附4個刈包)


我們一桌約10人，所以叫足十個刈包


刨包吃起來鬆軟又細緻，軟綿綿的口感搭配上QQ的、肥而不油膩的三層肉味道鹹甜鹹甜的，而且刈包還會吸收三層肉上的醬汁，好香好好吃哦




這天我們一行人吃下來，雖然味道不錯，但是單價偏高，一致覺得C/P 值偏低~~



蔡萬興老店 ▎Facebook
地址：台北市中正區福州街16-6號電話：02-2351-0848

延伸閱讀：

【台北】蔡萬興老店
【台北 永和】天府家常菜
【台北 永和】上海小館
【台北 微風廣場】滬園．上海湯包館
【台北 西門町】美味上海菜．上海極品軒
【台北 西門町】滬揚閣
【台北 西門町】1952年老店 上海。隆記菜飯
【台北 萬華】川揚郁坊小館
【台北】簡單美味的家常好味道．忠南飯館(江浙菜)
【台北】一星期內二訪 香辣好吃的 。 1010新湘菜
【台北 新店】蘇杭會館
【台大】台大校友蘇杭會館
【台北】蘇杭。台大校友會館

,3462,江浙菜/寧波菜/寧波年糕/砂鍋魚頭/湖州粽/潮州粽/湯圓/酒釀/,
萬華美食 ▎無名鹹粥 ＠ 南機場夜市附近,3501,6,0.00171379605827,meiko1101,╚ 台北。小吃。宵夜。零食,12,這間無名鹹粥也是在娘家附近，之前有過來一次，那時它們的營業時間只到中午我們約12點左右過來結果它們已經在收攤了前一陣子跟老弟在附近的宜賓燃麵吃晚餐時經過這裡，發現它們居然延長營業時間了立刻找了天拉著大方一起過來


這天我們本來要去南昌路吃碳烤三明治，但是找不到停車位於是改到來南機場夜市這裡吃早餐，沒想到早起吃早餐的人其實還挺多的無名鹹粥的座位還有2樓，不過當天也是客滿，我們等了約十分鐘才有坐位


從12/1開始營業時間已經延長到晚上8點囉，對我們來說真是一大福音啊


除了各式粥品之外，還有麵條可以選擇，那天跟我們併桌的客人就是點了海產麵那又粗又Q的麵條超吸引我的，下回要來試試


店員手沒停過的一直現包雞捲


紅燒肉
肥瘦的比例接近一比一，所以平常不太吃肥肉的人應該會退避三舍不過吃起來其實沒有看起來那邊的油膩，瘦肉的部份中和掉肥肉的油膩，又Q又帶有咬勁，好好吃而且記得要夾著薑汁和沾醬一起吃，更是提味!!


敢吃辣的人一定要加它們的辣醬，又香又辣又開胃!


雞捲
雞捲的外層炸的香酥，裡頭有大量的蔬菜和真材實料的雞肉重點是好像有吃到荸薺那酥酥的口感，超好吃der


海產粥


無敵大碗的海產粥，裡頭有蛤蜊、蚵仔和蝦仁等等，料多又實在湯頭喝起來鮮甜，海鮮新鮮味美


肉粥
肉粥裡頭的瘦肉也是約一塊左右，反正點鹹粥都是拿來搭配小菜的不過這粥裡的米飯算是多的了，如果是周記的粥，份量應該只有這裡一半吧\XD


炸豆腐
因為很多人都有點炸豆腐，所以我們後來又追了一份紅燒肉和炸豆腐這豆腐非常的軟嫩，上頭淋有甜辣和醬油二種調味醬，也算是非常的下飯





這裡都沒標價的，當天我們點了海產粥+肉粥+紅燒肉*2+炸豆腐+雞捲 一共310元，給大家參考


萬華 無名鹹粥
地址：台北市中正區汀州路一段90號

延伸閱讀：

【台北 萬華】周記肉粥店


,2241,萬華/艋舺/南機場/夜市/肉粥/鹹粥/紅燒肉/,
廣州街夜市美食 ▎頂級甜不辣、懷念愛玉冰、兩喜號魷魚羹,2714,15,0.00552689756817,meiko1101,╚ 台北。小吃。宵夜。零食,18,一直以來因為大方怕熱、不喜歡人擠人，所以我們不常逛夜市前一陣子他佛心來著的陪我逛了不少街夜市，真的是揪甘心～～❤
這天我們來到萬華出名的廣州街夜市，吃一些都是已經營業多年的美食！


第一攤：頂級甜不辣

因為從小就是在萬華長大，這間頂級甜不辣可以說是陪伴著我長大的老店哦


排隊的柱子上頭有許多的標示，飲食清淡的人可以要求沾醬是否要減半




許許多多的各式配料，看起來就讓人流口水啊


頂級甜不辣NT.45(小)／NT.60(大)


裡頭的配料有長型甜不辣、圓型甜不辣、貢丸、油豆腐、菜頭、豬血糕和水晶餃等等不管是長條還是圓型的甜不辣，吃起來都非常的Q彈菜頭煮的透爛、豬血糕也是軟嫩好吃，特別的是這裡還有水晶餃哦 !


吃完甜不辣之後別忘了來碗熱湯吧



頂極甜不辣
地址：台北市萬華區廣州街梧州街口電話：02-2302-6022營業時間：14:00~24:00


======================================================================


第二攤：懷念愛玉冰

這間也是從我小時候就開到現在的老店尤其是每次和家人來逛夜市時一定會買上一碗


大方型的塑膠桶裡裝裝著滿滿的愛玉


如果選擇帶走，店員會以塑膠袋裝著然後插吸管喝


如果是回答現場喝，店員就直接拿一碗給你，然後大家就在路邊站著喝起來冰冰涼涼的愛玉冰，在夏天喝起來真的是非常的透心涼啊～～～



懷念愛玉冰
地址：台北市廣州街202號之1電話：02-23061828營業時間：15:00~24:00


======================================================================


第三攤：兩喜號魷魚羹

兩喜號魷魚羹其實有兩間，一間在夜市裡頭，一間在西園路上我們偶爾就會到西園路上的兩喜號魷魚羹打打牙祭，這天來逛廣州夜市，還是不免再來回味一下


米粉炒NT.35
我平常是不太會主動點炒米粉的人，不過只要來到兩喜號一定會來上一盤米粉的口感富有彈性，加上香辣帶勁的蒜泥，好香好好吃


綜合羹NT.80
這天點的綜合羹，湯頭喝起來清甜爽口裡頭有新鮮魷魚、魚酥和花枝，魷魚和花枝吃起來又酥又彈牙


現炸牛蒡天婦羅NT.30
雖然我比較喜歡吃單純的天婦羅，不過這裡的牛蒡天婦羅也可以說是這裡的招牌天婦羅炸的香酥，沾上店家特調的甜醬，味道還真的挺不錯的



兩喜號魷魚羹
地址：台北市萬華區廣州街245號電話：02-2308-7332

======================================================================

同場加映一下這間旗魚黑輪，它就位於兩喜號的門口本來是要去買網友激推位在愛玉冰附近的旗魚黑輪，沒想到當天好像沒出來一怒之下就買了這間東港旗魚黑輪


旗魚黑輪NT.10
雖然外層吃起來油了點，不過口感還挺Q彈的，也還算不錯吃哦




,3095,萬華/龍山寺/廣州街/西門町/甜不辣/愛玉冰/,
台北早午餐推薦 ▎找餐。店 ＠ 捷運科技大樓站,5739,5,0.000871231921938,meiko1101,╔ 台北。Brunch 。早餐,14,之前吃過找餐2店，那時就被它們美味的餐點和平實的價格所吸引前一陣子跟友人約吃早餐，我們特地約在找餐。店，試試是否一樣相同的美味


找餐。店位於和平東路三段，外觀並沒有過多的裝潢特色




門口有立著一張menu，讓等候的客人可以事先研究一下


一樓的吧台




吧台上有許多的鴨鴨，它等於號碼牌的功用哦


一樓只有二、三個座位，而且還挺擁擠的，後來我們來到2樓的座位，裡頭一樣沒有過多的裝潢




我們這天的號碼牌是注音的ㄈ


奶茶NT.35 / 檸檬原汁NT.45
我的檸檬原汁喝起來真材實料，又酸又開胃口的


焦糖蘋果法式土司NT.100(套餐)
土司吃起來鬆軟，蘋果吃起來香甜，搭配鹹香的脆薯，又香又美味


花生醬肉排起司堡NT.70



在2店一樣是點花生醬起司堡，因為覺得超好吃，所以來這裡又點了一份後來回想才驚覺應該對一個完全不同味道的漢堡來試試才對

花生醬搭配肉排吃起來鹹甜鹹甜的味道我個人超愛肉排吃起來Juicy，還有青脆多汁的生菜，整個漢堡吃起來好吃不膩唯一的缺點應該就是熱量破表吧XD




找餐。店 ▎Facebook
地址：台北市台北市和平東路三段一巷6之3號電話：02-2755-0567營業時間：08:00~14:00


台北好吃早午餐推薦：


台北早午餐推薦 ▎Wood &amp; Pot ＠ 天母

板橋早午餐推薦 ▎Halla 義式餐廳 Brunch ＠ 美式復古工業風

板橋早午餐推薦 ▎Leon 。特地選擇安心食材，美味又健康！

台北早午餐推薦 ▎雀兒Chelsea's 小餐館 ＠ 溫洲街
台北早午餐推薦 ▎ Cafe' a' la mode 師大店 ＠ 師大必吃美食
好吃早午餐推薦 ▎貝貝西點Les B&eacute;b&eacute;s Caf&eacute; and Bar ＠ 忠孝敦化
台北早午餐推薦 ▎LoCo Food 樂口福。食尚玩家：台北必吃十大早餐 ＠ 南京東路三段
板橋早午餐推薦 ▎第46號倉庫 Warehouse NO.46 ＠ 捷運府中站
台北早午餐推薦 ▎Check Caf&eacute; 雀客咖啡 。雀客旅館 ＠ 行天宮捷運站
台北早午餐推薦 ▎荷蘭小鬆餅 Poffertjes Cafe ＠ 中山捷運站
台北早午餐推薦 ▎登打士街 Dundas St. Mini 。早午餐麵包吃到飽 ＠ 善導寺站
板橋早午餐 ▎好初早餐Deˇli二店 ＠ 捷運板橋站
台北好吃早午餐 ▎找餐2店 ＠ 信義區吳興街（食尚玩家推薦）
台北漢堡推薦 ▎1Bite2Go Cafe &amp; Deli 信義店。三明治好吃但價格不低
台北漢堡推薦 ▎Oldies Burger 新美式文化料理 ＠ 台北車站
台北好吃早午餐 ▎Sabrina House 紗汀娜好食 ＠ 捷運中山國小站
板橋早午餐推薦 ▎灣島，呷早頓 ＠ 捷運府中站
士林早午餐推薦 ▎豐盛號。炭烤吐司/紅茶牛奶 ＠ 捷運士林站
【台北 大安】hi， 日楞 Ryou Caf'e。brunch
【新北 板橋】搬家後的 Merci cafe。美味和人潮依舊
【台北 中正】Cube Brunch 丘比手作土司早午餐 ＠ 華山市場。捷運善導寺站
【台北 萬華】Toast Wow 吐司窩 碳烤三明治 ＠ 西門町
【新北 板橋】豐滿總匯三明治
【台北 大安】是熊 Cafe &amp; Dining Bar。早午餐 Brunch
【台北 信義】LMNT Element Drink &amp; Eat （早午餐篇）
【新北 板橋】布朗琪 brunch 早午餐 ＠ 近南雅夜市
【新北 板橋】Nai Ye cafe' 奈野咖啡
【台北 板橋】Merci cafe' 。平價Brunch推薦
【台北 大直】FARAMITA
【台北 東區】方糖咖啡館
【台北 信義】樂子 the Diner ＠ Att 4 Fun
【台北 永康街】Brunch 推薦。 Eating Time
【台北 民生社區】au petit cochon 哈古小館。Brunch
【台北 大安】M One cafe。Brunch
【台北 東區】Paddington Garden 柏林頓花園
【台北 板橋】好初早餐
【台北 東區】Pinknic 野餐吧。Brunch
【台北 內湖】小貳樓餐館（Second Floor Cafe）Brunch
【台北 新店】咖啡走廊。Brunch





,4074,早午餐/brunch/早餐/法式土司/漢堡/美式漢堡/,
台北早午餐推薦 ▎Wood & Pot ＠ 天母,5999,13,0.00216702783797,meiko1101,╔ 台北。Brunch 。早餐,33,天母向來不是我的活動範圍，一來太遠，二來不熟這次則是利用大方出國，好友特地帶我來天母吃吃早午餐


Wood &amp; Pot 位於寧靜的街道裡，我想這就是天母獨特的氛圍吧






這天出發前還好有先訂電話訂位，我們很lucky的是最後一組客人




隨處可以看到店裡頭的一些巧思


店裡由許多的二手舊家具


你沒看錯，這是三台吹風機，最上頭還有一個美國大兵






衣架做成的書架，也太有創意了






最後有一部極具話題性的電影「格雷的50道陰影」這裡有烤雞的50道陰影(*&acute;Д`)つ))&acute;&forall;`)










因為現點現做，所以請耐心等候哦而且這裡有低消150元，並且有免費的WIFI


早午餐的種類並不算多，供應的時間也只到下午4點


除了早午餐還有其他主食可以選擇




下午茶的menu




A套餐 附湯+麵包+飲料 NT.100
因為接近中午用餐時間，好友點了一份麵食，搭配100元的a套餐濃包的味道好喝，雜糧麵包光看就覺得真材實料！麵包柔軟中帶有咬勁，搭配上各式堅果，味道很好


好友點的氣泡飲，忘了名字(灬&ordm;&omega;&ordm;灬)


我點早午餐有 湯、果汁、牛奶 三選一，我選擇熱牛奶


蔬菜野菇牛肉烘蛋NT.320


最下層是香滑的烘蛋，上頭搭配許多的蔬菜、小蕃茄和杏仁片等等還有吃起來肉汁鮮甜口感軟嫰的牛肉，味道豐富又好吃


XO醬辣香鮮蝦麵食NT.360
本以為XO醬這種東西只適合搭配廣東炒麵或是蘿蔔糕之類的，沒想到配上義大利麵一點也不突兀香香辣辣的麵條、大尾又彈牙的蝦肉，這中西合併的組合超棒der~~唯一可以挑剔的地方就是份量太小了，吃不過癮啦~~


燉牛肉醬起司洋蔥芝麻葉雜糧麵包NT.300


使用營養滿點的雜糧麵包，搭配的是重口味的牛肉醬，不過因為生菜青脆多汁，所以吃起來非常的爽口附餐薯條炸的香酥可口一點也不會覺得油膩，好好食哦



Wood &amp; Pot ▎Facebook
地址：台北市士林區天玉街38巷13弄2號電話：02-2875-3982營業時間：11:00~22:00（每周二公休）


台北好吃早午餐推薦：


板橋早午餐推薦 ▎Halla 義式餐廳 Brunch ＠ 美式復古工業風

板橋早午餐推薦 ▎Leon 。特地選擇安心食材，美味又健康！

台北早午餐推薦 ▎雀兒Chelsea's 小餐館 ＠ 溫洲街
台北早午餐推薦 ▎ Cafe' a' la mode 師大店 ＠ 師大必吃美食
好吃早午餐推薦 ▎貝貝西點Les B&eacute;b&eacute;s Caf&eacute; and Bar ＠ 忠孝敦化
台北早午餐推薦 ▎LoCo Food 樂口福。食尚玩家：台北必吃十大早餐 ＠ 南京東路三段
板橋早午餐推薦 ▎第46號倉庫 Warehouse NO.46 ＠ 捷運府中站
台北早午餐推薦 ▎Check Caf&eacute; 雀客咖啡 。雀客旅館 ＠ 行天宮捷運站
台北早午餐推薦 ▎荷蘭小鬆餅 Poffertjes Cafe ＠ 中山捷運站
台北早午餐推薦 ▎登打士街 Dundas St. Mini 。早午餐麵包吃到飽 ＠ 善導寺站
板橋早午餐 ▎好初早餐Deˇli二店 ＠ 捷運板橋站
台北好吃早午餐 ▎找餐2店 ＠ 信義區吳興街（食尚玩家推薦）
台北漢堡推薦 ▎1Bite2Go Cafe &amp; Deli 信義店。三明治好吃但價格不低
台北漢堡推薦 ▎Oldies Burger 新美式文化料理 ＠ 台北車站
台北好吃早午餐 ▎Sabrina House 紗汀娜好食 ＠ 捷運中山國小站
板橋早午餐推薦 ▎灣島，呷早頓 ＠ 捷運府中站
士林早午餐推薦 ▎豐盛號。炭烤吐司/紅茶牛奶 ＠ 捷運士林站
【台北 大安】hi， 日楞 Ryou Caf'e。brunch
【新北 板橋】搬家後的 Merci cafe。美味和人潮依舊
【台北 中正】Cube Brunch 丘比手作土司早午餐 ＠ 華山市場。捷運善導寺站
【台北 萬華】Toast Wow 吐司窩 碳烤三明治 ＠ 西門町
【新北 板橋】豐滿總匯三明治
【台北 大安】是熊 Cafe &amp; Dining Bar。早午餐 Brunch
【台北 信義】LMNT Element Drink &amp; Eat （早午餐篇）
【新北 板橋】布朗琪 brunch 早午餐 ＠ 近南雅夜市
【新北 板橋】Nai Ye cafe' 奈野咖啡
【台北 板橋】Merci cafe' 。平價Brunch推薦
【台北 大直】FARAMITA
【台北 東區】方糖咖啡館
【台北 信義】樂子 the Diner ＠ Att 4 Fun
【台北 永康街】Brunch 推薦。 Eating Time
【台北 民生社區】au petit cochon 哈古小館。Brunch
【台北 大安】M One cafe。Brunch
【台北 東區】Paddington Garden 柏林頓花園
【台北 板橋】好初早餐
【台北 東區】Pinknic 野餐吧。Brunch
【台北 內湖】小貳樓餐館（Second Floor Cafe）Brunch
【台北 新店】咖啡走廊。Brunch





,4920,天母/早午餐/brunch/鄉村風/,
統一阪急美食 ▎靜岡勝政日式豬排 ＠ 市政府捷運站,4304,6,0.00139405204461,meiko1101,╠ 台北。日本料理,30,在台灣，我們最喜歡吃的日式豬排非杏子莫屬！前一陣子引進杏子豬排的台灣集團又引進來了來自靜岡的勝政日式豬排


原本設在統一阪急的杏子豬排改成了靜岡勝政日式豬排從開幕以來，跟杏子一樣每天都嘛大排長龍




跟一風堂一樣的號碼牌機器，依不同的人數點選不同的按鈕


這天不用上班的好友事先過來抽號碼牌，但我們還是等了約10分鐘才有坐位


玻璃上的豬鼻子，超可愛


右邊這一區有一整排的吧台式座位，也有一般的四人桌椅


左邊這一區比較特別，有日式風格的隔間沙發座位





吃日式豬排都會有的生菜，一樣是無限續盤


有和風和芝麻二種沙拉醬可以搭配


開胃小菜，依序為牛蒡、泡菜和大頭菜


這三款小菜都非常的好吃且開胃，但是這是沒有辦法續盤的哦，殘念






飯類有白飯和山藥泥麥飯二種，因為我們幾乎都是選山藥泥麥飯，所以送上這桶裝的麥飯




加了燕麥片的麥飯


山藥泥，可以單吃或是淋在飯上


白飯


diy現蘑白芝磨


豬排醬則有辛口和甘口二種可以選擇


起士里肌豬排NT.330




起士吃起來濃郁，豬排也不會太乾太柴，味道還算不錯


服務生推薦的酥炸牡蠣腰內豬排NT.380


牡蠣和腰內肉各有二塊，腰肉肉吃起來不會太油、也不會太乾，外層則是卡滋卡滋的牡蠣趁熱吃第一塊的時候覺得鮮甜味美後來因為顧聊天吃到第二塊牡蠣時，因為有點冷掉了，倒是有點腥味出現


附湯則有豬肉味噌湯和海帶味噌湯二種






靜岡勝政日式豬排 味道算是不差，但是我們一致覺得杏子還是比較好吃XD


靜岡勝政日式豬排 ▎Facebook
地址：台北市台北市信義區忠孝東路五段8號B2(統一阪急百貨貨電話：02-2722-0178




,2005,統一阪急/市政府/捷運站/美食街/信義區/日式豬排/炸豬排/杏子豬排/,
通化街(臨江街)夜市美食 ▎今日壽司店、正宗紅花香腸、阿婆豬血糕,2647,4,0.0015111446921,meiko1101,╚ 台北。小吃。宵夜。零食,19,照慣例在逛夜市之前我都會先上網google一下必吃的美食，這天逛通化街(臨江街)夜市當然也不例外可沒想到人氣最旺的不是某某小吃，而是這間今日壽司店


認識我的人都知道我其實不愛吃生魚片和壽司，不過它在網路上的人氣真的很高可以說是打趴一票夜市裡的小吃，所以我也就帶著好奇的心跟大方一起進來試試


門口的關東煮，因為我們還想吃別的小吃所以沒有點XD


今日壽司店的menu


馬鈴薯沙拉NT.50
話說這是一道非常神奇的沙拉，它可以說是這今日壽司店的一姐一般來說我正常是不會點這馬鈴薯沙拉，因為怕熱量太高不過網路上每個人都激推，在現場也是每個桌上都有一份！我們說什麼也不會放過
薯泥吃起來微甜、味道濃郁，裡頭的生菜爽口，吃起來真的又香又好吃！


蝦手捲NT.50
裡頭是一整尾真材實料的大蝦！


味增湯NT.20
這裡的味增湯料多味美，C/P值非常的高


綜合生魚片NT.150
不吃生魚片的我當然是沒有嚐試啦，聽大方說算新鮮就是了


綜合壽司NT.145
既然生的不吃，我能吃的也就只有花壽司啦~~


壽司裡的料並不會太多，白飯的比例還算高，不過味道也都算不錯，米飯的Q度也夠這一盤三二下就被一掃而盡~~~





今日壽司店
地址：台北市大安區臨江街106之2號電話：02-2736-9561營業時間：17:00~00:3（每週一公休）

================================================================

不曉得為何通化街的香腸攤很多間，這天出來的有大花和正宗紅花二間，都各買一支來試試



因為覺得香腸就是要搭配大蒜，所以選擇了蒜泥，嗯，味道普通，香腸也乾了點


點完了大花香腸，我們又走到對面去買正宗紅花香腸


很貼心的告訴大家人氣排行，我們也就直接點了排行第1名的蒜苗


這香腸吃起來明顯的彈牙又多汁，加上蒜苗鮮明的香氣，還是這間正宗紅花比較合我們的胃口


總覺得來夜市就是要吃很多、吃很飽的感覺所以又買了支也是網友推薦的阿婆豬血糕，可是賣豬血糕的明明就是個男子！！


豬血糕不是放在蒸籠裡，而是一支支的都浸泡在辣或是不辣的醬汁裡


這裡的豬血糕口感超特別，跟平常吃到的感覺不太一樣有網友形容它像是粿的口感，我覺得還挺貼切的！


它完全感覺不到米粒，一整很像是軟糕的感覺，超有特色的口感值得一試





,2664,通化街/臨江街/臨江街觀光夜市/通化夜市/豬血糕/壽司/日本料理/生魚片/味噌湯/沙拉/,
板橋美食 ▎傳統麵包店的冰火菠蘿包 ＠ 益堂烘焙坊,3915,5,0.00127713920817,meiko1101,╚ 台北。小吃。宵夜。零食,8,話說我的小姑真的是個超行動派的人，這間益堂烘焙坊就是她從手機美食app上看來然後騎摩托車載著我去購買的美食


益堂烘焙坊在板橋重慶國中附近，這附近的美食還挺多的


益堂烘焙坊就是一間傳統的麵包店，裡頭有許許多多的台式麵包




這個就是益堂超出名的港式菠蘿包


它的外觀其實就是非常台式的菠蘿包


但是裡頭多了一塊奶油，就變成了冰水菠蘿包囉


在益堂裡頭買的菠蘿包其實是常溫的，我有特地把它放在烤箱加熱讓奶油稍為融化之後再吃味道還算不錯，至少有比傳統的菠蘿麵包還要好吃，下回再試試它們家其他的麵包






益堂烘焙坊
地址：新北市板橋區重慶路308號電話：02-2955-6732


,836,板橋/港式菠蘿包/重慶國中/,
板橋早午餐推薦 ▎Halla 義式餐廳 Brunch ＠ 美式復古工業風,4538,205,0.0451740855002,meiko1101,╔ 台北。Brunch 。早餐,20,板橋的早午餐餐廳可以說是一間一間的開當然有些經不起考驗的餐廳撐不來多久就會自動被淘汰前一陣子的連假我們都待在台北，沒有出去跟大家人擠人其中一天跟好友約在板橋吃早午餐，地點就挑在中山路上的Halla 義式餐廳它是好友吃過之後願意再訪的好店


Halla在瑞典文中是「你好」的意思






店裡的裝潢風格以現在很常見的美式復古工業風為主








強調以健康為出發點，因此餐點都以鹽、減糖、低脂來製作除了早午餐之外，店裡也有提供義大利麵、燉飯特別的是居然還有泰式料理，也太多元了吧






點Brunch會先送上來的水果因為一直以來我都喜歡在飯前吃水果，好幫助消化，但一般餐點水果幾乎都會是在飯後再上沒想到在這裡吃水果是在飯前，好開心啊~~


Halla brunch NT.130
這一份餐點還有水果和紅茶只需要NT.130，這價格還真是佛心來著的!! (我的飲料照片居然不見了，哭哭) 飲料有冰/熱 紅茶可以選擇，也可以更換其他飲品，可折抵NT.20
這Halla brunch有生菜、香腸、炒蛋和馬鈴薯等等，帶有咬勁的麵包搭配上香濃的奶油起司，好香好好吃生菜和馬鈴薯等配菜，還有吃來起青脆的德式香腸的味道都很不錯


美式炒蛋NT.40
因為一開始看到價格覺得份量應該很少，所以加點了很多配料沒想到點到很多都是Brunch裡頭本來就有附XDD，不過好吃就好，就算是重覆也無所謂啦


水煮德式香腸NT.50


好吃脆薯 NT.45
這裡的薯條炸的香酥，微鹹的味道就算是單吃就很美味


Fish brunch NT.200


迷迭香雞腿brunch NT.230


法式brunch NT.160


法式吐司吃起來鬆軟，淋上香甜的蜂蜜美味極了！！





Halla 義式餐廳 ▎Facebook
地址：新北市板橋中山路一段158巷21號電話：02-2964-7777營業時間：10:00~21:00


台北好吃早午餐推薦：

台北早午餐推薦 ▎雀兒Chelsea's 小餐館 ＠ 溫洲街
台北早午餐推薦 ▎ Cafe' a' la mode 師大店 ＠ 師大必吃美食
好吃早午餐推薦 ▎貝貝西點Les B&eacute;b&eacute;s Caf&eacute; and Bar ＠ 忠孝敦化
台北早午餐推薦 ▎LoCo Food 樂口福。食尚玩家：台北必吃十大早餐 ＠ 南京東路三段
板橋早午餐推薦 ▎第46號倉庫 Warehouse NO.46 ＠ 捷運府中站
台北早午餐推薦 ▎Check Caf&eacute; 雀客咖啡 。雀客旅館 ＠ 行天宮捷運站
台北早午餐推薦 ▎荷蘭小鬆餅 Poffertjes Cafe ＠ 中山捷運站
台北早午餐推薦 ▎登打士街 Dundas St. Mini 。早午餐麵包吃到飽 ＠ 善導寺站
板橋早午餐 ▎好初早餐Deˇli二店 ＠ 捷運板橋站
台北好吃早午餐 ▎找餐2店 ＠ 信義區吳興街（食尚玩家推薦）
台北漢堡推薦 ▎1Bite2Go Cafe &amp; Deli 信義店。三明治好吃但價格不低
台北漢堡推薦 ▎Oldies Burger 新美式文化料理 ＠ 台北車站
台北好吃早午餐 ▎Sabrina House 紗汀娜好食 ＠ 捷運中山國小站
板橋早午餐推薦 ▎灣島，呷早頓 ＠ 捷運府中站
士林早午餐推薦 ▎豐盛號。炭烤吐司/紅茶牛奶 ＠ 捷運士林站
【台北 大安】hi， 日楞 Ryou Caf'e。brunch
【新北 板橋】搬家後的 Merci cafe。美味和人潮依舊
【台北 中正】Cube Brunch 丘比手作土司早午餐 ＠ 華山市場。捷運善導寺站
【台北 萬華】Toast Wow 吐司窩 碳烤三明治 ＠ 西門町
【新北 板橋】豐滿總匯三明治
【台北 大安】是熊 Cafe &amp; Dining Bar。早午餐 Brunch
【台北 信義】LMNT Element Drink &amp; Eat （早午餐篇）
【新北 板橋】布朗琪 brunch 早午餐 ＠ 近南雅夜市
【新北 板橋】Nai Ye cafe' 奈野咖啡
【台北 板橋】Merci cafe' 。平價Brunch推薦
【台北 大直】FARAMITA
【台北 東區】方糖咖啡館
【台北 信義】樂子 the Diner ＠ Att 4 Fun
【台北 永康街】Brunch 推薦。 Eating Time
【台北 民生社區】au petit cochon 哈古小館。Brunch
【台北 大安】M One cafe。Brunch
【台北 東區】Paddington Garden 柏林頓花園
【台北 板橋】好初早餐
【台北 東區】Pinknic 野餐吧。Brunch
【台北 內湖】小貳樓餐館（Second Floor Cafe）Brunch
【台北 新店】咖啡走廊。Brunch

,4460,板橋/台北/brunch/早午餐/早餐/工業風/法式吐司/炒蛋/歐姆蕾/,
台北美食 ▎宜賓燃麵 ＠ 近南機場夜市,5765,6,0.00104076322637,meiko1101,╚ 台北。小吃。宵夜。零食,16,這宜賓燃麵就在娘家附近，它其實已經開了好多年但我們一直沒有去嚐試直到前一陣子跟老弟吃過之後立刻愛上，過沒多久又拉著大方一同來試試
 

宜賓燃麵實際的地址是中正區的西藏路上，離南機場夜市很近我們平常的覓食範圍都在夜市，所以不會往這裡來
 

 

這間宜賓燃麵連蘋果日報也有來採訪過哦，而我也是因此才知道，原來「宜賓」是個地名而老闆娘就是四川宜賓人，所以賣起了家鄉傳統的味道




 

麻辣肝連NT.60
說是麻辣但其實一點也不辣，倒是非常的香麻，又香又好吃


麻辣嘴邊肉NT.60
跟肝連一樣，吃起來都是非常的香麻開胃


川味豬頭皮NT.30
豬頭皮吃起來非常的青脆Q彈，又香又好吃


燙青菜NT.30
沒想到這裡的燙青菜吃起來非常的青脆多汁，而且醬油甜甜的，還挺美味的
 

宜賓燃麵NT.110(大)
 

既然店名都直接取名為宜賓燃麵了，當然要來上一碗啦麵條本身的彈性不錯，還有大量的花生碎粒和花椒，吃起來非常的香酥開胃

紅燒紹子麵NT.80(小)
 

紹子指的是肉未，雖然湯頭看來很紅很嚇人，但是吃起來卻不覺得辣反而是小菜和紹子麵吃起來比較香麻，這紹子麵倒是最溫和的一道
 

餛飩湯NT.30
雖然紹子麵吃起來溫和，但是畢竟上頭還是有許多的辣油，所以我們又點了個餛飩湯來喝喝餛飩皮薄肉扎實，而且吃起來新鮮沒有肉腥味

愛吃重口味的大方，當然是把餛飩再丟入剛才燃麵的花椒裡頭，又香又好吃
 



宜賓燃麵
地址：台北市中正區西藏路18號電話：0987-626-418營業時間：11:00~21:00(星期一公休)



,1810,宜賓/燃麵/四川/麻辣/紹子麵/豬頭皮/南機場夜市/萬華/中正區/,
板橋美食推薦 ▎福記燒臘便當 ＠ 食尚玩家：新莊板橋手到擒來！,4243,53,0.0124911619137,meiko1101,╠ 台北。港式料理,20,因為現在住板橋，所以在電視或是報章雜誌上看到有關板橋美食的介紹我就會特別注意前一陣子在食尚玩家：新莊板橋手到擒來！單元看到這間福記燒臘便當店的介紹我就立刻記下來心想一定要找時間過來試試


福記燒臘位於雙十路的巷子裡，我們這天因為沒吃早餐，一早辦完事情就繞過來這裡約11點左右就到了，這時還沒有排隊的人潮






超可愛的老闆因為我在拍照，還特地讓我拍一下正面呢！！


選好主餐後，可以自行選擇三樣配菜


自取的熱湯，裡頭的配料還挺有誠意的哦


內用還有飲料可以喝那寫著「純正天然」的冬瓜菜喝起來並不會太甜，剛好可以搭配便當


除了燒臘之外還炒飯可以選擇因為不曉得吃什麼，店員推薦了我們三寶飯和福記招牌飯二樣


三寶飯NT.85
因為我不喜歡吃白飯、喜歡吃青菜，所以不太愛吃燒臘便當有別於一般吃港式燒臘時白飯很多、配菜很少，這裡的配菜比例算是我看過來說最高，也最滿意的了我選擇了菠菜、蔥蛋和茄子三樣配菜，白飯是另外裝一碗


三寶有油雞、叉燒和燒鴨


福記招牌飯NT.95


招牌飯一樣有油雞、叉燒和燒鴨，然後再多了一樣燒肉


燒肉看起來頗油，不過吃起來其實還好，而且口感脆脆的挺好吃


燒鴨吃起來不乾不柴，口感還不錯，加上脆脆的鴨皮，小姑直呼好吃看來這的燒鴨已經成功的擄獲了小姑的心


油雞肉質吃起來滑嫩有咬勁


叉燒的部份雖然小姑覺得比較乾硬了些，但我覺得是還在可以接受的程序以叉燒便當店的程度來說，這裡的叉燒還算是很好吃的了


料好實在的例湯


當我們吃完飯走人，這外頭已經是大排長龍囉






福記燒臘
地址：新北市板橋區雙十路二段47巷8號電話：02-2251-3090營業時間：11:00~14:00／17:00~20:00（每週日公休）


,2073,板橋/燒臘飯/港式燒臘/食尚玩家/便當/,
樹林美食 ▎阿義的腿庫飯 ＠ 近樹林火車站,3998,18,0.00450225112556,meiko1101,╚ 台北。小吃。宵夜。零食,13,最近幾天因為大方不在家，我跟小姑閒得無聊就騎車摩托車趴趴走是說摩托車的機動性跟汽車比起來真的是好太多了，完全不太需要考慮停車的問題像是這二天我們就騎車饒了好幾個大大小小的夜市呢！
話說阿義的腿庫飯是小姑吃過之後覺得很好吃，一直很想帶我們來試試不過因為板橋湳雅夜市裡也有一間叫阿義的腿庫飯的，除了完全沒有人買之外，東西也看來普通所以一直被我跟大方打槍XDD


這間位於樹林火車站附近的阿義的腿庫，它之前是位於熱鬧的樹林夜市裡現在搬到位於樹新路的巷弄裡，沒想到生意卻是好成這樣呢！點餐的方式是不管內用、外帶都要一起排隊哦


阿義的腿庫飯的menu


menu的背面則是印刷精美的照片


每一樣主餐看起來都好好吃哦！！流口水中


滷排骨


紅燒肉、炸排骨和香腸，炸排骨看來香酥不油膩，我下回要再來試試


阿義最招牌的腿庫


含炸(滷)排和腿庫的大綜合飯3 NT.100　

因為每一個主餐都想吃，所以最後點了這大綜合飯，有炸(滷)排和腿庫本來我想點炸排骨的，不過因為我們才剛在夜市吃了炸物，加上滷排不常見所以改點了滷排骨，滷排滷的透爛，輕輕一口肉質就會在嘴裡化開的感覺，但又不失肉質的咬勁味道很重但不死鹹，搭配筍絲和白飯，超好吃der


這腿庫的肉質更是一絕，肥瘦比例大約是2:3，不敢吃肥肉的人可能GG了，不過我本人是開心的很肥肉的部份因為滷的透爛，所以吃起來一點也不會覺得油膩瘦肉的部份也掌握的剛剛好，不會太乾或是太柴，搭配上肥肉一起吃美味極了小姑看我吃的津津有味的樣子，自己可是得意的很!!


炸豆腐NT.20
純脆因為看到店員很認真的在炸豆腐，所以點了一份來試試，就表現的中規中矩，味道還OK


因為看到這招牌，忍不住的問了一下店員，板橋的湳雅夜市裡怎麼也有一間「阿義腿庫飯」店員表示是那老闆的親戚開的，但是二間完全沒有關係哦


營業時間17:00~00:30，賣到半夜耶！！




阿義的腿庫飯 ▎Facebook
地址：新北市樹林區樹新路34巷8號電話：02-2683-7728




,2379,樹林/豬腳/腿庫/便當/火車站/,
板橋黃石市場必吃美食 ▎蘿蔔糕、糯米腸、芋粿Ｑ、生炒魷魚、老曹餛飩、謝家肉羹,4452,35,0.00786163522013,meiko1101,╚ 台北。小吃。宵夜。零食,24,雖然住的地方離黃石市場不遠，不過因為就是不遠，開車太好笑、走路卻又會覺得遠的距離所以這板橋著名的黃石市場我可是直到前一陣子才去過(，，・&omega;・，，)


第一攤：蘿蔔糕、糯米腸、芋粿Ｑ
在我還不清楚黃石市場是啥之前，我就已經知道這攤了，因為它在網路上的名氣實在是太大了這間蘿蔔糕、糯米腸、芋粿Ｑ可以說是黃石市場的代名詞了吧XD


隔壁還有這生炒魷魚，它們是同一個老闆，座位一起，價格也是一起計算


因為三種都想吃，所以直接來個三合一


蘿蔔糕是屬於比較傳統的台式蘿蔔糕，看起來白白的沒啥料不過吃起來的口感頗有彈性，加上超濃郁的蒜蓉醬，還挺開胃的


芋粿Q外層炸的酥脆，裡頭是真材實料的芋頭內餡，一樣是搭配蒜蓉醬，鹹甜鹹甜的很特別


糯米腸看起來也是白白的，單純只有米飯，沒有花生，不過彈性也還不錯（其實我覺得最好吃的是蒜蓉醬XD ）


隔壁的生炒魷魚也來上一碗，整碗快要滿出來的魷魚肉，感覺起來還挺划算的魷魚吃起來又Q又脆的，湯頭喝起來酸酸甜甜，整體來說還算OK



蘿蔔糕、糯米腸、芋粿Ｑ

地址：新北市板橋區宮口街28號(黃石市場內)電話：02-2960-3503營業時間：10:00~19:00（星期一公休）



＝＝＝＝＝＝＝＝＝＝＝＝＝＝＝＝＝＝＝＝＝＝＝＝＝＝＝＝＝＝＝＝＝＝＝＝＝＝＝＝＝＝＝

第二攤：老曹餛飩

這間老曹餛飩的名氣也不小，跟黃石市場也可以說是幾乎要劃上等號了而老曹位於一棟市場的一樓，因為整棟樓都是同一個地址和號碼跟我們一樣依照地址來找的人可能要稍繞著市場找一下哦


老曹的選擇還挺多的，我們直接選擇有強力推薦的套餐組合


座位可是一位難求啊～～～


櫃子裡有一盤盤的小菜可以自取


乾麵NT.30 + 餛飩湯NT.30
這乾麵+餛飩湯是這裡的招牌組合


麵條的彈性還算不錯，味道本身就是吃起來淡淡的桌上有許多的調味醬，像是醋、醬、辣椒等任君挑選有點像是傻瓜乾麵的吃法，自行添加成喜歡的重口味


因為豬肉新鮮，所以餛飩吃起來鮮甜，完全沒有肉腥味，而且個個口感扎實，還真的挺好吃的


餛飩麵NT.35
這裡的麵條都是同一種，彈性都很好，而湯麵跟餛飩湯味道吃起來其實沒啥差別


餛飩板條NT.35


隔了幾天之後我們又突然想吃他們家的餛飩，所以我們就又來老曹餛飩報到囉這天特別選擇板條來試試，Q彈的口感吃起來也還不錯它們的味道還挺平均，不管是乾麵、板條還是湯麵都挺美味的




老曹餛飩

地址：新北市板橋區宮口街37號電話：0936-123-292時間：06:00~14:00



＝＝＝＝＝＝＝＝＝＝＝＝＝＝＝＝＝＝＝＝＝＝＝＝＝＝＝＝＝＝＝＝＝＝＝＝＝＝＝＝＝＝＝


第三攤：謝家肉羹

黃石市場有很多間在賣油飯和肉羹的，因為不曉得要買哪一間，也查不到哪一間是特別出名的所以就隨機挑選了一間看來生意還不錯的試試





油飯NT.25(小)
油飯裡頭有瘦肉、香菇等簡單的配料米飯的口感還算Q彈，但是吃起來沒有特別出色的味道，而是非常古早味的感覺同時讓我們二個人都覺得這就像是小時候會吃到的味道


油豆腐NT.15
這裡的豆腐超特別，光看外表就覺得它感覺軟綿綿的像蛋糕的感覺吃起來的口感也較一般的豆腐還要細緻


肉羹湯NT.45
這湯頭喝起來超特別的，湯頭本身沒啥勾芡，上面浮著的是油蔥和蛋花味道充滿了油蔥的香氣，因為蛋花的關係又多了浮順的口感


豬肉感覺是醃製過後再裹粉，本身吃起來很有味道，口感算是又脆又有彈性湯頭和肉塊都不錯，是我會想再訪的美味




謝家肉羹
地址：新北市板橋區後菜園街37號電話：02-2969-1145時間：08:00~14:00(星期一公休)



,4214,板橋/黃石市場/肉羹/油飯/蘿蔔糕/生炒魷魚/,
萬華美食推薦 ▎77號小餐館 ＠ 餐點好吃又適合喝酒聊天的好地方,4756,8,0.00168208578638,meiko1101,╠ 台北。義法料理,19,這間77號小餐館離我娘家不算遠，之前開車經過就對它充滿興趣友人D因為也住萬華，一樣被它們的外觀所吸引，就約一約一起來試試


77號小餐館 位於和平西路上，是一間獨棟的二層樓建築晚上整條馬路幾乎都沒什麼店家，只有這77號小管館燈火通明，很容易吸引路人的目光


一樓為開放式的廚房，沒有座位


還有一個大冰櫃，裡頭冰滿了各式啤酒，服務人員很專業的向客人介紹適合的啤酒


二樓則是用餐的空間








餐具和開水都請自取


餐點的品項不多，主餐和飲料就menu的正反二面




招牌薯條佐蜂蜜芥茉醬NT.150
薯條炸的香酥，單吃就很好吃，加上蜂蜜芥茉醬更是美味


服務人員推薦的香蕉啤酒，喝起來甜甜的，酒精味不錯&lt;&lt;未成年請勿飲酒&gt;&gt;


紐約辣雞翅NT.180
吃起來酸酸辣辣的，味道還不錯


黑松露野蕈燉飯NT.360
野蕈味道濃郁，加上米飯是我喜歡的偏硬口感，超推薦


和風綠蘆筍海膽干貝圓型麵NT.320
雖然是海膽醬但是吃起來完全不會太腥，味道還挺鮮美的加上新鮮又彈牙的大干貝、清爽又青脆的綠蘆筍，再加上富有口感的義大利麵條口感和味道都非常的豐富


經典牛肉焙根堡NT.280




麵包的口感鬆軟，培根煎的微焦不會過硬，加上濃郁的起士和牛肉天生一對的完美結合就算知道吃下去熱量會爆表，還是顧不得身材的大口咬下




77號小餐館 ▎Facebook
地址：台北市萬華區和平西路二段77號電話：02-2312-2010



,1700,義大利麵/燉飯/漢堡/啤酒/薯條/美式料理/義大利餐廳/小酒館/小餐館/,
市政府捷運站美食 ▎合shabu 涮涮鍋 ＠ 信義區 Bellavita 4F,2962,4,0.00135043889264,meiko1101,╠ 台北。鍋物,40,每年的生日我們總是會吃大餐來犒賞自己一下一開始本來打算吃牛排，不過實在不知道該吃哪一間才好最後決定來試試這價格偏高、平常捨不得花錢的合shabu 涮涮鍋


合shabu 涮涮鍋 位於貴婦百貨Bellavita 的4F





餐廳的採光不錯，會有許多光線從窗戶灑進來


二旁的座位會有簾子半遮著，有些許的隱密性


因為算是高價餐廳，所以餐具等擺盤都算非常的講究



特地選用柳宗理的鑄鐵鍋

沾醬有胡麻、甜味噌和日式醬油三種




menu








前菜的部份我們一個選擇海膽山藥沙拉，另一份選擇生魚片
山藥吃起來清爽，我很喜歡


生魚片感覺有微炙過，我有試了一片，味道還挺鮮甜生菜多汁、蕃茄和玉米都香甜好吃


二人份的菜盤，看起來非常的澎派


服務生從頭到尾都會幫忙服務，我們只要顧吃和顧聊天就可以了


菜盤也幫我們擺的太美了吧XD


連煮好之後、放在餐盤上的青菜都有特殊擺盤


盛合海鮮套餐NT.1380


非常的新鮮又大隻的海鮮






魚餃NT.150
魚餃並不是手工的，也沒什麼特別的，可以不需要點XD




蝦子是已經剝好殼囉，口感扎實彈牙，好好吃


各樣煮好的海鮮


頂級牛小排套餐NT.1120




吃起來肉質鮮甜，味道不錯


吃完火鍋，就是開始煮粥囉~

青蔥、海苔和雞蛋，左下角的那一小碟，沒有記錯的話是蟹膏哦




辣蘿蔔乾
當天最好吃、最驚艷的我可以說是這蘿蔔乾嗎XD又香又辣的，配粥一起吃超開胃下飯的啦




飯後水果


甜點有紅豆芋泥和冰淇淋二種可以選擇芋頭控的我當然是選紅豆芋泥，香香甜甜的還不錯吃


冰淇淋的部份則是直接送上Haagen-Dazs的






合shabu 涮涮鍋 的餐點好吃、海鮮新鮮份量又大，服務也不錯不過以c/p值來說，我們還是偏愛橘色涮涮鍋多些



合shabu 涮涮鍋 ▎官網
地址：台北市信義區松仁路28號4樓電話：02-2723-9222



延伸閱讀：

台北 ▏乾杯黒毛屋澳洲和牛鍋物專門店 ＠ 捷運市政府站
【台北 大安】游涮涮鍋 ＠ 捷運東門站（永康街）
【台北 大安】半半鍋 Ban Ban Pot
【台北 中山】這一鍋皇室祕藏鍋物
【台北 東區】相見恨晚的橘色涮涮鍋

,2495,火鍋/麻辣鍋/鴛鴦鍋/海鮮/牛小排/,
台北下午茶推薦 ▎青隅下午茶 ＠ 文華東方酒店,4696,7,0.00149063032368,meiko1101,╠ 台北。下午茶。甜點。喝咖啡,25,自從台北的文華東方酒店開幕以來，裡頭的每間餐廳都是大家注目的焦點尤其是這間The Jade Lounge青隅下午茶更是一位難求，打電話訂位都是好幾月個之後了如果想要早點吃到，最快的方式就是直接問服務生哪天有顧客取消的空位啦XD
值得注意的是，以前只有下午2:30這個時段，因為生意太好了所以現在多出了12:00這個時段來分散人潮，不排斥中間就吃甜點的人可以多多利用哦


文華東方酒店主建築有二棟，一棟為精品和餐廳，另一棟為酒店的客房而這間The Jade Lounge青隅比較特別的地方是它位於酒店客房的一樓


一進入青隅就被它們的氣勢給鎮住了~~也太漂亮了吧 !!


裡頭以孔雀藍的顏色為基調，給人既低調、沉穩又華麗的感覺((我們會拍到沒有人的照片，就是因為我們是預約平日中午12:00的啦 XDD ))


眼尖的人應該會發現，地毯上頭有一隻孔雀哦


而沙發的背面則是一些手工的珍珠繡花


穿過拱門後又是另一個空間




推車上頭擺有一些下午茶的甜點


一樣是孔雀藍的沙發


地上則改為暖色性的顏色








牆面上有許多的皮雕裝飾


青隅下午茶的set，一人NT.1250
如果想要來杯香檳，一人NT.1900想要再頂級一點的話可以選擇頂級下午茶一人NT.3750則是多了15公克的奧賽魚子醬、搭配的小圓餅和配料，當然也有香檳


尊爵綠茶
青隅的茶飲使用的是Kusmi Tea這個品牌，而這款尊爵綠茶在台灣據說可是在文華東方才喝得到哦喝起來有著濃郁的清香氣味，搭配甜點剛剛好


大方的熱拿鐵，我覺得也還挺好喝的


接著沒多久服務生就送上這傳統英式三層下午茶上來啦~~~


完整的下午茶set有一份三層架、三明治、可麗露、費南雪、手工糖果等等


最先送上來的三明治，中間夾著起士和火腿，味道吃起來清爽
（當天一共3個人用餐，所以這三明治是三份）


（只有上圖的三明治放在一起，其他的甜點都是2人份、1人份的分開放置所以接下來的照片都是2人份的餐點）

照片中依序是水果軟糖、巧克力、費南雪、可麗露和馬卡龍文華東方裡的甜點都是由同一個點心坊所製作出來的，所以這裡的甜點和文華餅房吃到的一樣而巧克力也同樣是出自世界巧克力大師Frank Haasnoot之手
水果軟糖好香好好吃，而且完全不甜膩！費南雪的香氣十足、可麗露的口感超好而馬卡龍也都是香甜不膩，好好吃哦，而裡頭巧克力則是讓我最驚艷的地方巧克力味道香濃滑順，而且裡頭的內餡還有脆脆的口感，還棒der


最下層原味和蔔萄乾scone、草莓三明治以布里歐夾著新鮮草莓的三明治吃起來口感厚實，搭配scone的果醬分別是草莓玫瑰、奶油和檸檬醬三種scone吃起來口感鬆軟濕潤，搭配果醬更是美味據說這裡的果醬口味都會輪流更換，有時候還會是台灣特有的紅心芭樂果醬哦


第二層則是鮭魚三明治、松露蛋蓉三明治、法式鹹派和小泡芙這二款三明治的味道也都還挺清爽的，我發現這裡的鹹點都不是走重口味路線的XD！倒是小小一口的法式鹹派有著濃郁的蛋香和香料味，小泡芙裡頭則是包著培根，還挺特別


最上層的甜點則是榛果泡芙、香草芒果慕絲和野莓塔服務人員有特別交待不愛肉桂的人，可以把榛果泡芙的最上層拿掉我本身也不太喜愛肉桂，不過它的味道我倒還可以接受泡芙裡頭則有榛果奶油餡，整體苦甜的味道我還挺喜歡的中間芒果慕絲外型華麗，上頭還有一支蝴蝶停靠著吃起來芒果味道濃郁，香氣十足，而最右邊的野莓塔吃起來微酸酸甜，塔香十足
感謝 台北文華東方酒店 邀請體驗




認識我的人都知道我超愛吃甜點，這文華東方的下午茶雖然低調不低不過在高雅的地方裡用餐，甜點和茶品都不錯，非常推薦值得來一試！

文華東方酒店 ▎Facebook 官網
地址：台北市敦化北路 158 號
電話：02-2715-6789



延伸閱讀：

台北蛋糕推薦 ▎文華餅房 。華麗又美味的蛋糕 ＠ 文華東方酒店

【2013 香港】香港文華東方酒店 ＠ 中環站




,4494,文華東方酒店/下午茶/輕食/三明治/蛋糕/甜點/西式下午茶/,
松山文創美食推薦 ▎Drip Cafe 好滴咖啡 ＠ 捷運市政府站,6804,39,0.00573192239859,meiko1101,╠ 台北。下午茶。甜點。喝咖啡,16,這間 Drip Cafe 好滴咖啡因為人氣一直很旺，所以從開幕到現在我一直無緣吃到前一陣子好友利用平日開門前先去排隊，然後我利用中午休息時間衝過去會合也終於讓我一嚐宿願啦&lt;&lt;在此感謝總是願意事先去排隊的二位好友，讓我每次都可以順利吃到排隊美食&gt;&gt;


Drip Cafe 好滴咖啡位於松山文創附近，是這一區的超人氣排隊美食上回開車經過時，未還到營業時間但外頭已經有了排隊的人潮，就算是平日也一樣


用餐這天是平日的中午，裡頭是客滿的哦！！是不是很誇張啊


這一區是室內的位坐，所以冷氣比較強


後方這一區感覺是後來才硬搭出來的空間，上頭是玻璃帷幕的感覺雖然透光明亮，不過夏天坐在這裡會比較的炎熱
另外這一區桌與桌的間距也較小，所以坐起來不是很舒適




開水和餐具等必需自取，所以也不收服務費哦


柳橙汁NT.130
二款飲料都還挺好喝的


夏日果調NT.140


牛肉起司三明治NT.220
因為是中午過來所以總要來點鹹的墊一下肚子


麵包裡頭夾滿了牛肉片，還有蕃茄、起司等，麵包口感帶有咬勁，牛肉餡味道還不錯出乎意料的好吃！


一旁還附有洋芋沙拉和生菜

義式三杯雞麵NT.200
把義大利麵結合台式的三杯雞，味道不但不衝突反倒還挺美味的


草莓可拿滋NT.210
這可拿滋就是好滴的人氣商品啦，據說是現在美國紐約最美紅的新式可頌甜甜圈哦


這甜甜圈的外型，但卻是可頌的口感，吃起來又香又酥的，真的比傳統的可頌和甜甜圈都要來的好吃因為前一陣子並不是草莓季，所以草莓吃起來有點酸，不過還好有甜而不膩的卡士達醬微酸微甜的滋味搭配上香酥的可拿滋，吃起來真的是好幸福啊


一旁搭配有一球草莓冰淇淋



吃過了這麼多的甜點，不過當我吃到這可拿滋的時候還是有驚艷了一下難過好滴咖啡已經開了好一陣子，不過人氣依舊不減！！而且除了甜點好吃之外，義大利麵和三明治的味道也有一定的水準是我願意再訪的好店！


Drip Cafe 好滴咖啡 ▎Facebook
地址：台北市信義區忠孝東路四段553巷26號電話：02-2764-8181營業時間：11:30~22:00


延伸閱讀：

松山文創園區美食 ▎口杯食堂。創新杯子新吃法 ＠ 捷運市政府站
台北好吃燉飯推薦 ▏Pa Pa Rice ＠ 捷運市政府站
台北咖啡廳推薦 ▎聽見幸福Musikaffee ＠ 信義區松菸誠品
好吃乾拌麵推薦 ▎二代福林福州乾拌麵(忠孝店) ＠ 松山文創
【台北 信義】PHAT Burger。肥漢堡
【台北 信義】小山堂 ＠ 松山文創園區
【台北 信義】Cafe Showroom ＠ 松菸誠品


,2902,市政府/捷運站/信義區/松山文創/松菸/松菸誠品/文創園區/聯合報/,
台北咖啡廳 ▎Caffé bene 韓國人氣咖啡廳 ＠ 微風松高,6603,14,0.00212024837195,meiko1101,╠ 台北。下午茶。甜點。喝咖啡,18,Caff&eacute; bene 是韓國著名的連鎖咖啡廳，之前來台開店的時候每天都是大排長龍之前就被這個吐司的照片給燒到，今天我終於吃到啦


前一陣子微風松高開幕，Caff&eacute; bene 也在裡頭開了一間分店，沒想到沒什麼人潮不曉得是不是已經退燒了！？








Caff&eacute; bene 很出名的各式刨冰，不過當天已售完了








販售的品項除了有刨冰、飲料、甜點等，還有冰淇淋，應有盡有


Caff&eacute; bene 還有販售一些周邊商品




在櫃台點好餐點後的號碼牌，震動後再自行到櫃台取餐


採用全自助的方式，開水、吸管和紙巾等都放在櫃台，用完餐後也自行放回櫃台


地瓜拿鐵NT.120
因為晚上不想再喝咖啡，聽了服務人員的建議點了杯地瓜拿鐵喝得出來是地瓜的味道，不過我覺得味道一整個怪這杯飲料我沒有很喜歡


蒜香起司NT.150




不過很可惜的我覺得它中看不中用吃起來的起士味是很濃沒有錯，但是我覺得太鹹了點除此之外沒什麼其它的特色



前一陣子網路熱門的韓風咖啡廳，沒想到完全不合我的味



Caff&eacute; bene ▎官網 Facebook
地址：台北市信義區松高路16號2樓（微風松高）電話：02-2722-7763營業時間：11:00~22:00



,1397,信義區/市政府/捷運站/統一阪急/微風松高/新光三越/咖啡廳/韓國/cafe/,
市政府捷運站美食 ▎添好運 台北信義店 ＠ 新光三越 A8館,8911,11,0.00123442935697,meiko1101,╠ 台北。港式料理,41,話說這添好運開到信義區，對於在這一區上班的我們來說真的是太方便啦~~~~(灑花)不過還是得感謝特地請假幫我們去排隊的好友，我們才能順利吃到這難得的美食啊


添好運位於A8館地下2樓的美食街，新光三越平常日的營業時間是早上11點提早排隊的地點就是在A8館及微風松高的這一側，千萬不要排錯地方囉


請記得依地上的貼紙依序排隊我們這天派出了排隊的特派員，平日10點半左右到達，是第一位哦！！


約10點50分左右排隊的人潮已經快跟百貨公司一樣長啦~~


快到11點時百貨公司旁的側門就會開啟，然後會有服務人員引導我們下樓




添好運裡的服務人員都做好準備要迎接客人啦




內部的裝潢跟香港的大同小異


添好運的menu，因為難得來一趟，我們很認真的把每一樣幾乎吃過一輪XD


首先來介紹這添好運的四大天王，分別為馬來糕、蘿蔔糕、叉燒包和珠潤腸

酥皮焗叉燒包NT.118
這叉燒包可以說是添好運的鎮店之寶啊！！外層是烤的香酥的菠蘿包，裡頭則是鹹香美味的叉燒肉，無敵好吃！重點是跟在香港吃得到的味道還算差不多，超美味der


香煎蘿蔔糕NT.98
這蘿蔔糕就有點可惜了，我們一致覺得它水份太高、太軟爛了點而且比較像是台式的蘿蔔糕，不太像是港式的蘿蔔糕裡頭有許多配料


黃沙珠潤腸NT.128
珠潤腸其實就是豬肝，之前有聽吃過的人說台灣的豬潤腸粉吃起來有腥味我們這天倒是覺得沒有任何的腥味，腸味薄透有彈性，豬肝的脆度和彈性也夠，味道和口感都很棒


香滑馬來糕NT.98
最次一次吃到這馬來糕是大方幫我從台北站前店添好運幫我外帶的我吃到的時候雖然已經冷掉了不過彈性和味道是很棒
這天在信義站吃到熱呼呼的馬來糕味道當然更棒，微甜的味道、Q彈又細緻的口感，好好食啊


古法糯米雞NT.128


糯米蒸得軟爛入味，又沒有惱人蒸過的怪味道，好香好好吃，一下就被大家秒殺


鮑汁燜鳳爪NT.118
還算是入味，不過跟外頭的港點吃起來感覺差不多，無特別驚艷之處


賽螃蟹春卷NT.98


賽螃蟹算是中國的名菜之一，傳說以前的慈禧太后想要吃螃蟹御廚以蛋白做出了類似蟹肉的口感，因此取名賽螃蟹這賽螃蟹春捲吃起來不油不膩，還挺爽口


鮮蝦腐皮卷NT.138


因為才剛吃完賽螃蟹春捲，相較之下這腐皮捲比較油了些，不過味道和口感也都還不錯


晶瑩鮮蝦餃NT.138


鮮蝦燒賣皇NT.128
這鮮蝦餃和燒賣都是港點常見的料理，個人覺得燒賣的口感超級好不過同事倒是偏好蝦餃，當天各有擁護者

鼓汁蒸肉排NT.108
鼓汁的味道並不重，清爽的味道吃起來個人覺得超好吃!!


陳皮牛肉球NT.98


金銀蛋瘦肉粥NT.108
這粥完全吃不到一粒米的感覺，可以說是廣東粥的最高境界啊!皮蛋和鹹蛋用粒實在，每一口都吃得到!!


因為珠潤腸很好吃，所以其他的腸粉我們也全都點個一輪腸粉送上來的時候才會順便淋上醬油，以免腸粉在醬油裡頭泡太久而變味


大排檔腸粉NT.108


大排檔腸粉裡頭沒有包任何的內餡，完完全全吃的是腸粉本身的味道腸粉很Q彈，上頭則是淋醬油和花生醬，鹹甜鹹甜的比想中的還要好吃許多


免治牛肉腸NT.128
免治是由英文mince翻譯而成，指的是切碎的肉


蜜味叉燒腸NT.128
這裡的腸味粉真的都非常的Q彈好吃，而牛肉和蜜汁叉燒二個，我個人是比較喜歡叉燒的甜味


韭王鮮蝦腸NT.128
裡頭的蝦子個頭都很小，絕對不是小不啦嘰、營養不良的感覺

鼓油王炒麵NT.128
因為我本來就愛乾乾脆脆的炒泡麵口感，所以這炒麵對我來說真的是好吃到一個不行


美味悶鮮竹卷NT.98
本來不想點的鮮竹卷，沒想到它的味道也還挺不錯的


青芥末明蝦餃NT.128
聽同事表示味道還不錯因為有芥末加上我己經飽到一個不行，所以我就沒有再吃了


楊枝甘露NT.118


雖然沒吃過楊枝甘露的同事覺得添好運的好吃不過我覺得還是滿記好吃許多


因為添好運信義店一樣沒有提供外帶的服務，目前都還是只能內用酥皮焗叉燒包一人限點一份，吃不完的可以打包，我們現場先點了二份來吃最後再點四份，吃不完的再麻煩服務人員幫我們打包


當天的帳單，六個人吃了快3千6跟在香港以平價米其林著稱的添好運來說，在台灣其實不平價




吃完後準備離開，店門口依然滿滿的都是人潮




感想：
這裡除了鎮店之寶叉燒包之外，第二好吃的腸粉，每一個口味都好好吃每款點心吃下來都有在水準之上，是非常值得一吃美味，不過目前的人潮真的是太多了啦~~~


添好運 ▎官網 Facebook

站前店地址：台北市中正區忠孝西路一段36號1樓電話：02-2370-7078營業時間：10:00~22:00/最後點餐時間為21:30

信義店地址：台北市信義區松高路12號B2(台北信義新天地A8)電話：02-2722-9358營業時間：周日~周四11:00~21:30／週五~週六及例假日前一天11:00~22:00(與台北信義新天地同營業時間),5538,添好運/港點/點心/飲茶/香港/信義區/市政府/新光三越百貨/台北車站/,
湳雅夜市必吃推薦 ▎王記好吃麻油雞 ＠ 夜市人氣排隊美食,2294,14,0.00610287707062,meiko1101,╚ 台北。小吃。宵夜。零食,16,這間王記好吃麻油雞 可以說是在湳雅夜市裡，我們最常吃，也最喜歡吃的美食之一


看看他大排長龍的樣子就知道它有多受歡迎啦！這天的隊伍還算短的，如果是寒流來襲的時候，它可是要排上二三圈呢


麻油雞有雞腿和雞塊可以選


麵線的部份則有乾和湯二種吃法

大鍋快煮的麻油雞讓夜市裡頭充滿了麻油的香氣



店門口的隊伍是要排隊內用的，後方則是外帶區，也是一條長長的人龍

麻油麵線(乾)NT.20


因為麻油雞就有湯可喝，所以我們都是點乾麵線來吃


桌上有醬油和辣醬可以沾，不過我們都喜歡吃原味


雞塊NT.90


雞塊的部份可以跟店家特別要求要翅膀的部位


雞腿NT.130


這裡的雞腿又大隻又美味，因為煮的時間費時，大家又都愛吃雞腿所以可說是常常一腿能求啊！想吃到可以說是要碰運氣


在這裡吃雞腿，店員會給一支透明手套，讓客人方便啃食，是不是超貼心！


比雞腿便當還大隻的雞腿






這裡的湯頭可以說是清爽好喝，雞腿又大又好吃每年冬天我們都要來這裡報到好幾次它在湳雅夜市裡頭可以說是人氣第一的美食哦


王記好吃麻油雞
地址：新北市板橋區南雅東路8號(勝立百貨前)電話：02-2966-6823營業時間：18:00~24:00


延伸閱讀：

湳雅夜市必吃美食 ▎好味道臭豆腐 ＠ 捷運府中站。食尚玩家「美食控出動！新莊板橋手到擒來」

【板橋 南雅夜市】必吃推薦。第一家豬血糕、格子Q鬆餅、有雞農場鹹水雞

,1693,板橋/夜市/湳雅夜市/麻油雞/麻油/麵線/,
台北 ▎溫州街蘿蔔絲餅。人氣排隊美食,3857,113,0.0292973813845,meiko1101,╚ 台北。小吃。宵夜。零食,17,這間溫州街蘿蔔絲餅其實我不是第一次吃了，不過以前都是同事一早買來辦公室給大家吃我還真的是第一次自己在現場排隊，沒想到一排就是半小時以上(〒︿〒)


溫州街蘿蔔絲餅的地址其實是在和平東路上的巷子口，每次經過這裡都會看到長長的排隊人龍


在排隊的時間就會先有服務生來登記需要的數量






店員手完全沒有停過的一直包著蘿蔔絲餅


這裡最多人點的當然就是這超人氣的蘿蔔絲餅




我一直以為它們只有賣蘿蔔絲餅，現在才知道它們還有蘿蔔絲餅、豆沙餅、蛋糕和蔥油餅


而且這小小的蘿蔔絲餅居然還可以加蛋哦！！如果是點加蛋的蘿蔔絲餅就是打一顆蛋在蘿蔔絲餅上頭，蛋都要比蘿蔔絲餅還要大了啦 XD


蔥油餅加蛋




這是我第一次吃它們的蔥油餅，蔥香十足、餅皮Q彈有咬勁，配上一顆荷包蛋，好香好好吃哦！我覺得比一堆宜蘭出名的蔥油餅還要好吃說


蘿蔔絲餅


這裡的蘿蔔絲餅是包著新鮮的蘿蔔絲，蘿蔔絲吃起來青脆多汁，水份十足


豆沙餅


一直以為是紅豆沙，沒想到一吃才發現是綠豆沙XD吃起來微甜，味道是還挺不錯的，不過第一次是吃到綠豆內餡，感覺還挺奇妙的




溫州街蘿蔔絲餅 ▎Facebook

地址：台北市大安區和平東路一段264之3號電話：02-2369-5649營業時間：07:00~20:00 (星期日公休)


,1550,溫州街/蘿蔔絲餅/豆沙餅/蔥油餅/,
樂華夜市必吃推薦 ▎肥豬的攤、三鮮羹、大興果汁,3893,3,0.000770613922425,meiko1101,╚ 台北。小吃。宵夜。零食,19,這一陣子我們突然很瘋狂的開始逛夜市，這天我們來到位於永和的樂華夜市


第一攤：肥豬的攤


招牌上頭有許多名人的簽名，而它們家的招牌就是深海魷魚、帶骨呱呱雞和豆乳


所以的食材看起來都非常的新鮮而且乾淨的擺放整齊


點好餐點之後會給一個號碼牌，可以先去別處逛逛再回來取餐


因為接下來還要吃很多攤，所以只點一些來解解饞


豆乳雞的味道還算ok，好吃但不艷驚


深海魷魚吃起來好吃不靭，味道也不錯！


第二攤：三鮮焿


樂華夜市裡還有一間阿國蝦仁焿，那間我們都一致覺得不好吃，千萬不要走錯了！！




三鮮焿NT.55
一共有土魠魚、蝦仁和魷魚三種，湯頭喝起來鮮甜美味


土魠魚焿NT.45
這裡的土魠魚外層微酥、裡頭的魚肉細緻，好好吃哦！


三鮮冬粉NT.65


土魠魚焿米粉NT.55


本來我們一行三人只有點三碗焿，因為好吃到欲罷不能，所以又點了米粉、冬粉來吃真的是好好食啊～～～～


台南米糕NT.35
意猶未盡之下又點了份米糕來試試，味道也不錯！這間三鮮焿立刻列入來到樂華夜市必吃的美食之一！


第三攤：大興果汁


熱椰子汁NT.120
這間大興果汁最特別的地方不是果汁，而是它們有「熱」椰子汁據老闆表示它們是前一晚先把椰子熱八小時以上，喝起來有驅寒的效用跟涼的椰子汁消暑的功效是完全不同的
因為前一晚椰子已經加熱八小時以上，購買時則是剖開來把椰子汁倒入快煮壺再加熱一下椰肉也會裝在塑膠袋裡讓客人帶走
前一陣寒涼來襲時我也不小心感冒了，立刻買一杯來試試味道喝起來跟涼的椰子汁味道完全不一樣，而功效就見人見智囉XD



延伸閱讀：

【台北 永和】在地人推薦。無雙涮牛肉 ＠ 樂華夜市



,2003,樂華夜市/永和/中和/塩酥雞/果汁/三鮮焿/,
